,name,species,pdb,uniprot,accession,derived_from,key_mutations,color,excitation_max,emission_max,aa_seq,reference,wt_nucleotide,translated_check,wt_translation,contains_ambiguities
0,avGFP,Aequorea victoria,2WUR,P42212,M62653,nature,,green,395:475,508,MSKGEELFTGVVPILVELDGDVNGHKFSVSGEGEGDATYGKLTLKFICTTGKLPVPWPTLVTTFSYGVQCFSRYPDHMKQHDFFKSAMPEGYVQERTIFFKDDGNYKTRAEVKFEGDTLVNRIELKGIDFKEDGNILGHKLEYNYNSHNVYIMADKQKNGIKVNFKIRHNIEDGSVQLADHYQQNTPIGDGPVLLPDNHYLSTQSALSKDPNEKRDHMVLLEFVTAAGITHGMDELYK,10.1016/0378-1119(92)90691-H,ATGAGTAAAGGAGAAGAACTTTTCACTGGAGTTGTCCCAATTCTTGTTGAATTAGATGGTGATGTTAATGGGCACAAATTTTCTGTCAGTGGAGAGGGTGAAGGTGATGCAACATACGGAAAACTTACCCTTAAATTTATTTGCACTACTGGAAAACTACCTGTTCCATGGCCAACACTTGTCACTACTTTCTCTTATGGTGTTCAATGCTTTTCAAGATACCCAGATCATATGAAACAGCATGACTTTTTCAAGAGTGCCATGCCCGAAGGTTATGTACAGGAAAGAACTATATTTTTCAAAGATGACGGGAACTACAAGACACGTGCTGAAGTCAAGTTTGAAGGTGATACCCTTGTTAATAGAATCGAGTTAAAAGGTATTGATTTTAAAGAAGATGGAAACATTCTTGGACACAAATTGGAATACAACTATAACTCACACAATGTATACATCATGGCAGACAAACAAAAGAATGGAATCAAAGTTAACTTCAAAATTAGACACAACATTGAAGATGGAAGCGTTCAACTAGCAGACCATTATCAACAAAATACTCCAATTGGCGATGGCCCTGTCCTTTTACCAGACAACCATTACCTGTCCACACAATCTGCCCTTTCGAAAGATCCCAACGAAAAGAGAGACCACATGGTCCTTCTTGAGTTTGTAACAGCTGCTGGGATTACACATGGCATGGATGAACTATACAAA,match,MSKGEELFTGVVPILVELDGDVNGHKFSVSGEGEGDATYGKLTLKFICTTGKLPVPWPTLVTTFSYGVQCFSRYPDHMKQHDFFKSAMPEGYVQERTIFFKDDGNYKTRAEVKFEGDTLVNRIELKGIDFKEDGNILGHKLEYNYNSHNVYIMADKQKNGIKVNFKIRHNIEDGSVQLADHYQQNTPIGDGPVLLPDNHYLSTQSALSKDPNEKRDHMVLLEFVTAAGITHGMDELYK,False
1,aacuGFP1,Acropora aculeus,,Q66PV6,AY646069,nature,,green,478,502,MSLSKHGITQEMPTKYHMKGSVNGHEFEIEGVGTGHPYEGTHMAELVIIKPAGKPLPFSFDILSTVIQYGNRCFTKYPADLPDYFKQAYPGGMSYERSFVYQDGGIATASWNVGLEGNCFIHKSTYLGVNFPADGPVMTKKTIGWDKAFEKMTGFNEVLRGDVTEFLMLEGGGYHSCQFHSTYKPEKPVELPPNHVIEHHIVRTDLGKTAKGFMVKLVQHAAAHVNPLKVQ,10.1371/journal.pone.0002680,ATGTCTCTTTCAAAGCATGGCATCACACAAGAAATGCCGACGAAATACCATATGAAAGGCAGTGTCAATGGCCATGAATTCGAGATCGAAGGTGTAGGAACTGGACACCCTTACGAAGGGACACACATGGCCGAATTAGTGATCATAAAGCCTGCGGGAAAACCCCTTCCATTCTCCTTTGACATACTGTCAACAGTCATTCAATACGGAAACAGATGCTTCACTAAGTACCCTGCAGACCTGCCTGACTATTTCAAGCAAGCATACCCAGGTGGAATGTCATATGAAAGGTCATTTGTGTATCAGGATGGAGGAATTGCTACAGCGAGCTGGAACGTTGGTCTCGAGGGAAATTGCTTCATCCACAAATCCACCTATCTTGGTGTAAACTTTCCTGCTGATGGACCCGTAATGACAAAGAAGACAATTGGCTGGGATAAAGCCTTTGAAAAAATGACTGGGTTCAATGAGGTGTTAAGAGGTGATGTGACTGAGTTTCTTATGCTCGAAGGAGGTGGTTACCATTCATGCCAGTTTCACTCCACTTACAAACCAGAGAAGCCGGTCGAACTGCCCCCGAATCATGTCATAGAACATCACATTGTGAGGACCGACCTTGGCAAGACTGCAAAAGGCTTCATGGTCAAGCTGGTACAACATGCTGCGGCTCATGTTAACCCTTTGAAGGTTCAA,match,MSLSKHGITQEMPTKYHMKGSVNGHEFEIEGVGTGHPYEGTHMAELVIIKPAGKPLPFSFDILSTVIQYGNRCFTKYPADLPDYFKQAYPGGMSYERSFVYQDGGIATASWNVGLEGNCFIHKSTYLGVNFPADGPVMTKKTIGWDKAFEKMTGFNEVLRGDVTEFLMLEGGGYHSCQFHSTYKPEKPVELPPNHVIEHHIVRTDLGKTAKGFMVKLVQHAAAHVNPLKVQ,False
2,aacuGFP2,Acropora aculeus,,Q66PV9,AY646066,nature,,green,502,513,MSYSKQGIVQEMKTKYRMEGSVNGHEFTIEGVGTGYPYEGKQMSELVIIKPKGKPLPFSFDILSSVFQYGNRCFTKYPADMPDYFKQAFPDGMSYERSFLFEDGAVATASWNIRLEGNCFIHNSIFHGVNFPADGPVMKKKTIGWDKSFEKMTVSKEVLRGDVTMFLMLEGGGYHRCQFHSTYKTEKPVELPPNHVVEHQIVRTDLGQSAKGFTVKLEAHAAAHVNPLKVQ,10.1371/journal.pone.0002680,ATGTCTTATTCAAAGCAGGGCATCGTACAAGAAATGAAGACGAAATACCGTATGGAAGGCAGTGTCAATGGCCATGAATTCACGATCGAAGGTGTAGGAACTGGGTACCCTTACGAAGGGAAACAGATGTCCGAATTAGTGATCATCAAGCCTAAGGGAAAGCCCCTTCCATTCTCCTTTGACATACTGTCATCAGTCTTTCAATATGGAAACAGGTGCTTCACAAAGTACCCTGCAGACATGCCTGACTATTTCAAGCAAGCATTCCCAGATGGAATGTCATATGAAAGGTCATTTCTATTTGAGGATGGAGCAGTTGCTACAGCCAGCTGGAACATTCGTCTCGAAGGAAATTGCTTCATCCACAATTCCATCTTTCATGGCGTAAACTTTCCCGCTGATGGACCCGTAATGAAAAAGAAGACAATTGGCTGGGATAAGTCCTTCGAAAAAATGACTGTGTCTAAAGAGGTGTTAAGAGGTGATGTGACTATGTTTCTTATGCTCGAAGGAGGTGGTTACCACAGATGCCAGTTTCACTCCACTTACAAAACAGAGAAGCCGGTCGAACTGCCCCCGAATCATGTCGTAGAACATCAAATTGTGAGGACCGACCTTGGCCAAAGTGCAAAAGGCTTCACAGTCAAGCTGGAAGCACATGCTGCGGCTCATGTTAACCCTTTGAAGGTTCAA,match,MSYSKQGIVQEMKTKYRMEGSVNGHEFTIEGVGTGYPYEGKQMSELVIIKPKGKPLPFSFDILSSVFQYGNRCFTKYPADMPDYFKQAFPDGMSYERSFLFEDGAVATASWNIRLEGNCFIHNSIFHGVNFPADGPVMKKKTIGWDKSFEKMTVSKEVLRGDVTMFLMLEGGGYHRCQFHSTYKTEKPVELPPNHVVEHQIVRTDLGQSAKGFTVKLEAHAAAHVNPLKVQ,False
3,aeurGFP,Acropora eurostoma,,B6CTZ3,EU498722,nature,,green,504,515,MSYSKQGIVQEMKTKYHMEGSVNGHEFTIEGVATGYPYEGKQMSELVIIKPKGKPLPFSFDILSSVFQYGNRCFTKYPADIPDYFKQAFPDGMSYERSFLFEDGAVATASWNIRLEGNCFIHNSIFHGVNFPADGPVMKKQTIGWDKSFEKMTVSKEVLRGDVTMFLMLEGGGYHRCQFHSTYKTEKPVTLPPNHVVEHQIVRTDLGQSAKGFTVKLEALAAAHVNPLKVQ,10.1371/journal.pone.0002680,ATGTCTTATTCAAAGCAAGGCATCGTACAAGAAATGAAGACGAAATACCACATGGAAGGCAGTGTCAATGGCCATGAATTCACGATCGAAGGTGTAGCAACTGGGTACCCTTACGAAGGGAAACAGATGTCCGAATTAGTGATCATCAAGCCTAAGGGAAAGCCCCTTCCATTCTCCTTTGACATACTGTCATCAGTCTTTCAATATGGAAACAGGTGCTTCACAAAGTACCCTGCAGACATACCTGACTATTTCAAGCAAGCATTCCCAGATGGAATGTCATATGAAAGGTCATTTCTATTTGAGGATGGAGCAGTTGCTACAGCCAGCTGGAACATTCGTCTCGAAGGAAATTGCTTCATCCACAATTCCATCTTTCATGGCGTTAACTTTCCCGCTGATGGACCTGTCATGAAAAAGCAGACAATTGGCTGGGATAAGTCCTTCGAAAAAATGACTGTGTCTAAAGAGGTGTTAAGAGGTGATGTGACTATGTTTCTTATGCTCGAAGGAGGTGGTTACCACAGATGCCAGTTTCACTCCACTTACAAAACAGAGAAGCCGGTCACGCTGCCCCCGAATCATGTCGTAGAACATCAAATTGTGAGGACCGACCTTGGCCAAAGTGCAAAAGGCTTCACAGTCAAGCTGGAAGCACTTGCTGCGGCTCATGTTAACCCTTTGAAGGTTCAA,match,MSYSKQGIVQEMKTKYHMEGSVNGHEFTIEGVATGYPYEGKQMSELVIIKPKGKPLPFSFDILSSVFQYGNRCFTKYPADIPDYFKQAFPDGMSYERSFLFEDGAVATASWNIRLEGNCFIHNSIFHGVNFPADGPVMKKQTIGWDKSFEKMTVSKEVLRGDVTMFLMLEGGGYHRCQFHSTYKTEKPVTLPPNHVVEHQIVRTDLGQSAKGFTVKLEALAAAHVNPLKVQ,False
4,afraGFP,Agaricia fragilis,,Q66PU5,AY647156,nature,,green,494,503,MSVIVKEMMTKLHMEGTVNGHAFTIEGKGKGDPYNGVQSMNLDVKGGAPLPFSFDLLTPAFMYGNRVFTKYPEDIPDFFKQVFPEGYHWERSITFEDQAVCTATSHIRLDQKEMCFIYDVRFHGVNFPANGPIMQKKILGWEPSTEKMYARDGVLKGDVNMTLRVEGGGHYRADFRTTYKAKKPVNLPGYHFIDHRIEITKHSKDYTNVALYEAAVARHSPLPKVA,10.1371/journal.pone.0002680,ATGAGTGTGATTGTAAAGGAAATGATGACTAAGCTACACATGGAAGGTACTGTTAACGGGCACGCCTTTACAATTGAAGGCAAAGGAAAAGGCGATCCTTACAATGGAGTGCAGTCTATGAACCTTGACGTCAAAGGCGGTGCGCCTTTGCCGTTCTCTTTCGATCTCTTGACGCCAGCATTCATGTACGGCAACAGAGTGTTCACGAAGTATCCAGAAGACATACCAGACTTTTTCAAGCAGGTGTTTCCTGAAGGGTACCACTGGGAAAGAAGTATTACCTTTGAAGATCAGGCCGTTTGTACGGCAACCAGCCACATAAGGCTGGACCAGAAAGAGATGTGTTTTATCTATGACGTCCGTTTTCACGGTGTGAACTTTCCCGCCAATGGCCCAATCATGCAGAAGAAGATACTGGGATGGGAGCCATCCACTGAGAAAATGTATGCACGTGATGGGGTGCTGAAGGGTGATGTTAATATGACTCTTCGTGTTGAAGGAGGTGGCCATTACCGAGCTGACTTCAGAACTACTTACAAAGCAAAGAAGCCAGTCAACCTGCCAGGCTATCACTTCATAGACCACCGCATTGAGATTACCAAGCACAGCAAAGATTACACCAATGTTGCTTTGTATGAGGCAGCAGTTGCTCGTCATTCTCCGCTGCCTAAGGTTGCT,match,MSVIVKEMMTKLHMEGTVNGHAFTIEGKGKGDPYNGVQSMNLDVKGGAPLPFSFDLLTPAFMYGNRVFTKYPEDIPDFFKQVFPEGYHWERSITFEDQAVCTATSHIRLDQKEMCFIYDVRFHGVNFPANGPIMQKKILGWEPSTEKMYARDGVLKGDVNMTLRVEGGGHYRADFRTTYKAKKPVNLPGYHFIDHRIEITKHSKDYTNVALYEAAVARHSPLPKVA,False
5,amilGFP,Acropora millepora,,Q66PV8,AY646067,nature,,green,503,512,MSYSKQGIVQEMKTKYHMEGSVNGHEFTIEGVGTGYPYEGKQMSELVIIKPAGKPLPFSFDILSSVFQYGNRCFTKYPADMPDYFKQAFPDGMSYERSFLFEDGAVATASWNIRLEGNCFIHKSIFHGVNFPADGPVMKKKTIDWDKSFEKMTVSKEVLRGDVTMFLMLEGGGSHRCQFHSTYKTEKPVTLPPNHVVEHQIVRTDLGQSAKGFTVKLEAHAAAHVNPLKVK,10.1371/journal.pone.0002680,ATGTCTTATTCAAAGCAAGGCATCGTACAAGAAATGAAGACGAAATACCATATGGAAGGCAGTGTCAATGGCCATGAATTCACGATCGAAGGTGTAGGAACTGGGTACCCTTACGAAGGGAAACAGATGTCCGAATTAGTGATCATCAAGCCTGCGGGAAAACCCCTTCCATTCTCCTTTGACATACTGTCATCAGTCTTTCAATATGGAAACAGGTGCTTCACAAAGTACCCTGCAGACATGCCTGACTATTTCAAGCAAGCATTCCCAGATGGAATGTCATATGAAAGGTCATTTCTATTTGAGGATGGAGCAGTTGCTACAGCCAGCTGGAACATTCGTCTCGAAGGAAATTGCTTCATCCACAAATCCATCTTTCATGGCGTAAACTTTCCCGCTGATGGACCCGTAATGAAAAAGAAGACAATTGACTGGGATAAGTCCTTCGAAAAAATGACTGTGTCTAAAGAGGTGCTAAGAGGTGACGTGACTATGTTTCTTATGCTCGAAGGAGGTGGTTCTCACAGATGCCAATTTCACTCCACTTACAAAACAGAGAAGCCGGTCACACTGCCCCCGAATCATGTCGTAGAACATCAAATTGTGAGGACCGACCTTGGCCAAAGTGCAAAAGGCTTTACAGTCAAGCTGGAAGCACATGCTGCGGCTCATGTTAACCCTTTGAAGGTTAAA,match,MSYSKQGIVQEMKTKYHMEGSVNGHEFTIEGVGTGYPYEGKQMSELVIIKPAGKPLPFSFDILSSVFQYGNRCFTKYPADMPDYFKQAFPDGMSYERSFLFEDGAVATASWNIRLEGNCFIHKSIFHGVNFPADGPVMKKKTIDWDKSFEKMTVSKEVLRGDVTMFLMLEGGGSHRCQFHSTYKTEKPVTLPPNHVVEHQIVRTDLGQSAKGFTVKLEAHAAAHVNPLKVK,False
6,anobGFP,Acropora nobilis,,Q66PV7,AY646068,nature,,green,502,511,MSYSKQGIAQEMKTKYHMEGSVNGHEFTIEGVGTGYPYEGKQMSELVIIKPAGKPLPFSFDILSSVFQYGNRCFTKYPADMPDYFKQAFPDGMSYERSFLFEDGAVATASWKIRLEGNCFIHNSIFNGVNFPADGPVMEKKTIGWDKSFEKMTVSKEVLRGDVTMFLMLEGGGSHRCQFHSTYKTEKPVTLPPNHVVEHQIVRTDLGQSAKGFTVKLEAHAAAHVNPLKVK,10.1371/journal.pone.0002680,ATGTCTTATTCAAAGCAAGGCATCGCACAAGAAATGAAGACGAAATACCATATGGAAGGCAGTGTCAATGGCCATGAATTCACGATCGAAGGTGTAGGGACTGGGTACCCTTACGAAGGGAAACAGATGTCCGAATTAGTGATCATCAAGCCTGCGGGAAAACCCCTTCCATTCTCCTTTGACATACTGTCATCAGTCTTTCAGTATGGAAACAGGTGCTTCACAAAATACCCTGCAGACATGCCTGACTATTTCAAGCAAGCATTTCCAGATGGAATGTCATATGAAAGGTCATTTCTATTTGAGGATGGAGCAGTTGCTACAGCCAGCTGGAAAATTCGTCTCGAAGGAAATTGCTTCATCCACAATTCCATCTTTAATGGCGTAAACTTTCCCGCTGATGGACCCGTAATGGAAAAGAAGACAATTGGCTGGGATAAGTCCTTCGAAAAAATGACTGTGTCTAAAGAGGTGCTAAGAGGTGATGTGACTATGTTTCTTATGCTCGAAGGAGGTGGTTCTCACAGATGCCAGTTTCACTCCACTTACAAAACAGAGAAGCCGGTCACACTGCCCCCGAATCATGTCGTAGAACATCAAATTGTGAGGACCGACCTTGGCCAAAGTGCAAAAGGCTTTACAGTCAAGCTGGAAGCACATGCTGCGGCTCATGTTAACCCTTTGAAGGTTAAA,match,MSYSKQGIAQEMKTKYHMEGSVNGHEFTIEGVGTGYPYEGKQMSELVIIKPAGKPLPFSFDILSSVFQYGNRCFTKYPADMPDYFKQAFPDGMSYERSFLFEDGAVATASWKIRLEGNCFIHNSIFNGVNFPADGPVMEKKTIGWDKSFEKMTVSKEVLRGDVTMFLMLEGGGSHRCQFHSTYKTEKPVTLPPNHVVEHQIVRTDLGQSAKGFTVKLEAHAAAHVNPLKVK,False
7,eechGFP1,Echinoplyllia echinata,,A8CLQ1,DQ206383,nature,,green,497,510,MSVINPDMKIKLYMEGAVNGHKFEIKGEGNGKPFEGKQTMDLAVVDGGPLPFAFDILTTSFNYGNRVFTKYPDTIVDYFKPSFPEGYSWERSMTYEDGGICIATNDITLLKDTDDSNYFYYKIRFDGVNFAANGPVMQKKTAKWEPSTEKMYVRDGVLKGEVNMALLLEGGGHYRCDFKTTYKAKKVVRLPSYHFVDHRIEILSHSKDYNQVRLHEHAEAHSGLPRQAK,10.1371/journal.pone.0002680,ATGAGTGTGATTAATCCAGATATGAAGATCAAGCTGTATATGGAAGGCGCTGTAAACGGGCACAAGTTCGAGATTAAAGGAGAAGGAAACGGGAAGCCTTTTGAGGGAAAACAGACCATGGACCTGGCAGTCGTAGACGGCGGACCTCTGCCTTTTGCTTTCGATATCTTGACAACTTCATTCAATTACGGCAACAGGGTATTCACCAAATACCCAGATACTATAGTAGACTATTTCAAGCCGTCGTTTCCTGAGGGGTATTCCTGGGAACGAAGCATGACTTACGAAGATGGAGGCATTTGCATCGCCACAAATGACATAACACTGCTGAAAGATACCGACGACTCGAACTATTTCTACTATAAAATTCGATTTGATGGTGTGAACTTTGCTGCCAATGGTCCAGTTATGCAGAAGAAGACCGCGAAATGGGAGCCATCCACTGAGAAAATGTATGTGCGTGATGGAGTGCTGAAGGGTGAAGTTAACATGGCTCTGTTGCTTGAAGGAGGTGGCCATTACCGATGTGACTTTAAAACTACCTATAAAGCTAAGAAGGTTGTCCGGTTGCCAAGCTATCACTTTGTGGACCACCGTATAGAGATTTTAAGCCACAGCAAAGATTACAACCAAGTTAGGCTGCATGAGCATGCTGAAGCTCATTCCGGGCTGCCGAGACAAGCCAAG,match,MSVINPDMKIKLYMEGAVNGHKFEIKGEGNGKPFEGKQTMDLAVVDGGPLPFAFDILTTSFNYGNRVFTKYPDTIVDYFKPSFPEGYSWERSMTYEDGGICIATNDITLLKDTDDSNYFYYKIRFDGVNFAANGPVMQKKTAKWEPSTEKMYVRDGVLKGEVNMALLLEGGGHYRCDFKTTYKAKKVVRLPSYHFVDHRIEILSHSKDYNQVRLHEHAEAHSGLPRQAK,False
8,eechGFP2,Echinoplyllia echinata,,A8CLW1,DQ206395,nature,,green,506,520,MNVIKPDMKIKLRMEGAVNGHKFAIEGEGNGQPFEGKQTMNLKVKEGGPLPFAYDILTTIFNYGNRVFVKYPDDIVDYFKQSFPEGYSWERSMIYEDGGICIATNDITLEGDCFVYKIRFDGVNFPAKSPVLQKMTKKWEPSTEKLYVRDGVLKGDVNMALLLEGGGHFRCDFKTTYKAKKVVQLPDYHFVDHRIEIMSHDKDYNNVKLCEHAEAHSGLPGQAK,10.1371/journal.pone.0002680,ATGAATGTGATTAAACCAGACATGAAGATTAAGCTGCGTATGGAAGGCGCTGTAAACGGGCACAAGTTTGCTATTGAAGGAGAAGGAAACGGCCAGCCCTTCGAGGGAAAACAGACTATGAACCTGAAAGTCAAAGAAGGTGGACCTCTGCCTTTTGCTTACGATATCTTGACAACAATATTCAATTACGGCAACAGGGTATTTGTCAAATACCCAGATGATATAGTAGACTATTTCAAGCAGTCGTTTCCCGAGGGCTATTCCTGGGAACGCAGCATGATTTATGAAGACGGAGGCATTTGCATCGCCACAAACGACATAACTTTGGAAGGTGATTGTTTCGTCTATAAAATTCGATTTGATGGTGTAAACTTTCCCGCCAAAAGTCCAGTTTTGCAGAAGATGACGAAAAAATGGGAGCCATCCACTGAGAAATTGTATGTACGTGATGGAGTGCTGAAGGGTGATGTTAACATGGCTCTGTTGCTTGAAGGAGGTGGCCACTTCCGGTGTGACTTTAAAACTACTTACAAAGCTAAAAAGGTTGTTCAACTACCAGATTATCACTTTGTGGATCACCGCATTGAAATTATGAGCCACGACAAAGATTACAACAACGTTAAGCTATGTGAGCATGCCGAAGCTCATTCCGGGCTGCCAGGGCAGGCGAAG,match,MNVIKPDMKIKLRMEGAVNGHKFAIEGEGNGQPFEGKQTMNLKVKEGGPLPFAYDILTTIFNYGNRVFVKYPDDIVDYFKQSFPEGYSWERSMIYEDGGICIATNDITLEGDCFVYKIRFDGVNFPAKSPVLQKMTKKWEPSTEKLYVRDGVLKGDVNMALLLEGGGHFRCDFKTTYKAKKVVQLPDYHFVDHRIEIMSHDKDYNNVKLCEHAEAHSGLPGQAK,False
9,eechGFP3,Echinoplyllia echinata,,A8CLW4,DQ206396,nature,,green,512,524,MNVIKPDMKIRLRMEGAVNGHKFVIIGKGDGKPYEGTQTMDLEVIEGGPLPFAFDILTTVFKYGNRAFVKYPTDIADYFKQSFPEGFSWERSMTYEDGGICIATNDITLSKDIANCFDYNIRFDGVNFPPNSPVLQKTTIKWEPSTENMYVRDGVLKGDINMSLLLEGGAGHYRCDFKTTYKAKKAVKLPDYHFVDHRITIVSHDKDYNKVKLREHAEAHSGLQMEAK,10.1371/journal.pone.0002680,ATGAATGTGATTAAACCAGACATGAAGATCAGGCTGCGTATGGAAGGCGCTGTAAACGGGCACAAGTTCGTAATTATCGGAAAAGGAGATGGCAAGCCTTACGAGGGAACTCAGACTATGGACCTTGAAGTCATAGAGGGCGGACCTCTGCCCTTTGCTTTTGATATCTTGACAACAGTATTCAAATACGGCAACAGGGCTTTCGTTAAATATCCAACGGATATAGCAGACTATTTCAAGCAATCGTTTCCTGAAGGGTTTTCTTGGGAGCGAAGCATGACTTACGAAGACGGAGGAATTTGCATCGCCACAAATGACATAACACTAAGTAAAGACATCGCCAACTGCTTTGATTATAACATTCGATTTGATGGTGTGAACTTTCCCCCGAATAGTCCGGTTTTGCAGAAGACAACAATAAAGTGGGAGCCTTCCACTGAAAACATGTATGTGCGTGATGGAGTTCTGAAAGGCGACATTAACATGTCTCTGTTGCTTGAAGGAGGTGCAGGCCATTACCGGTGTGACTTCAAAACTACTTACAAAGCTAAGAAGGCTGTCAAGTTGCCAGACTATCACTTTGTGGACCACCGCATTACAATTGTAAGCCACGACAAGGATTACAACAAAGTGAAGCTGCGTGAGCATGCCGAAGCTCATTCCGGGCTGCAGATGGAGGCCAAG,match,MNVIKPDMKIRLRMEGAVNGHKFVIIGKGDGKPYEGTQTMDLEVIEGGPLPFAFDILTTVFKYGNRAFVKYPTDIADYFKQSFPEGFSWERSMTYEDGGICIATNDITLSKDIANCFDYNIRFDGVNFPPNSPVLQKTTIKWEPSTENMYVRDGVLKGDINMSLLLEGGAGHYRCDFKTTYKAKKAVKLPDYHFVDHRITIVSHDKDYNKVKLREHAEAHSGLQMEAK,False
10,efasGFP,Eusmilia fastigiata,,A8CLR1,DQ206385,nature,,green,496,507,MALSKQGIQTDMKMTYSMEGCVNGHNFTVKGGGDGNPYEGHQELRLCITMAKGEPVPFAFDILSAAFCYGNRCFTKYPDEIRDYFKQAFPGGLSWERSMAFEDGASAAVTAEISLEGDCFEHECEFVGVNFPANGPVMQKKTQGWETSTEKMTAHGKVVQGNVPMFLKLEGGGRHRCDFRTTYKAKKDVKMPNSHFITHCLVRKGDGNNTELIEDAEARN,10.1371/journal.pone.0002680,ATGGCTCTTTCAAAACAAGGGATTCAAACCGACATGAAGATGACCTATTCGATGGAAGGCTGTGTCAACGGACACAACTTTACTGTTAAAGGAGGAGGCGACGGCAATCCATACGAGGGACATCAGGAGTTAAGGCTATGCATTACCATGGCCAAGGGTGAGCCTGTGCCTTTCGCTTTTGACATATTGTCAGCAGCATTCTGTTATGGCAACAGATGTTTCACGAAGTATCCTGACGAGATTCGTGACTATTTCAAACAAGCATTCCCTGGAGGCCTGTCATGGGAAAGGTCGATGGCGTTCGAAGATGGCGCGTCTGCTGCAGTCACTGCAGAAATAAGCCTTGAGGGAGACTGCTTCGAGCACGAATGCGAATTTGTCGGCGTGAACTTTCCCGCTAACGGACCTGTGATGCAGAAGAAGACGCAAGGCTGGGAGACATCTACCGAGAAAATGACAGCTCACGGTAAAGTGGTACAGGGTAATGTTCCGATGTTCCTCAAGCTGGAGGGAGGCGGCAGACACAGATGCGATTTCCGAACTACTTACAAAGCCAAGAAGGATGTGAAGATGCCAAATAGCCATTTCATCACCCATTGCCTCGTCAGGAAAGGCGATGGCAACAATACTGAACTGATAGAAGATGCAGAAGCTCGAAAC,match,MALSKQGIQTDMKMTYSMEGCVNGHNFTVKGGGDGNPYEGHQELRLCITMAKGEPVPFAFDILSAAFCYGNRCFTKYPDEIRDYFKQAFPGGLSWERSMAFEDGASAAVTAEISLEGDCFEHECEFVGVNFPANGPVMQKKTQGWETSTEKMTAHGKVVQGNVPMFLKLEGGGRHRCDFRTTYKAKKDVKMPNSHFITHCLVRKGDGNNTELIEDAEARN,False
11,fabdGFP,Favites abdita,,B6CTZ4,EU498723,nature,,green,508,520,MSVIKPDMKIKLRMEGAVNGHKFAIEGEGKGQPFQGKQTMNLKVKEGGPLPFAYDILTTIFNYGNRVFAKYPDDIVDYFKQSFPEGYSWERSMTYEDGGICIATNDITLDGDCFVYKIRFDGVNFPAKSPVLQKKTQKWEPSTEKLYVRDGLLKGDVNMALLLEGGGHYRCDFKTTYKAKKVVQLPDYHFVDHCIEIVSHDKDYNNVKLCEHAEAHSGLPKEAK,10.1371/journal.pone.0002680,ATGAGTGTGATTAAACCAGACATGAAGATTAAGCTGCGTATGGAAGGTGCTGTGAACGGGCACAAGTTCGCGATTGAAGGAGAAGGAAAAGGTCAGCCCTTCCAGGGAAAACAGACTATGAACTTGAAAGTCAAAGAAGGCGGACCTCTGCCTTTTGCTTACGATATCTTGACAACAATATTCAATTACGGCAACAGGGTATTCGCCAAATACCCAGATGATATAGTAGACTATTTCAAGCAGTCGTTTCCCGAGGGCTATTCATGGGAACGCAGCATGACTTATGAAGACGGGGGCATTTGTATCGCCACAAATGACATAACGTTGGACGGTGACTGTTTTGTCTATAAAATTCGATTTGATGGTGTAAACTTTCCCGCCAAAAGTCCAGTTTTGCAGAAGAAGACGCAGAAATGGGAGCCCTCAACTGAGAAATTGTATGTGCGTGATGGATTGCTGAAGGGTGATGTTAACATGGCTCTGTTGCTTGAAGGAGGCGGCCATTACCGATGTGACTTCAAAACTACTTACAAAGCTAAGAAGGTTGTCCAACTACCAGATTATCACTTTGTGGATCACTGCATTGAAATTGTGAGCCACGACAAAGATTACAACAACGTGAAGCTGTGTGAGCATGCCGAAGCTCATTCCGGGCTTCCAAAGGAGGCCAAG,match,MSVIKPDMKIKLRMEGAVNGHKFAIEGEGKGQPFQGKQTMNLKVKEGGPLPFAYDILTTIFNYGNRVFAKYPDDIVDYFKQSFPEGYSWERSMTYEDGGICIATNDITLDGDCFVYKIRFDGVNFPAKSPVLQKKTQKWEPSTEKLYVRDGLLKGDVNMALLLEGGGHYRCDFKTTYKAKKVVQLPDYHFVDHCIEIVSHDKDYNNVKLCEHAEAHSGLPKEAK,False
12,gfasGFP,Galaxea fascicularis,,A8CLT2,DQ206389,nature,,green,492,506,MNVIKPDMKIKLCMRGTINGHNFVIEGEGKGNPYEGTQILDLNVTEGAPLPFAYDILTTVFQYGNRAFTKYPADIQDYFKQTFPEGYHWERSMTYEDQGICTATSNISMRGDCFFYDIRFDGVNFPPNGPVMQKKTLKWEPSTEKMYVRDGVLKGDVNMALLLEGGGHYRCDFKTTYKAKKDVRLPDYHFVDHRIEILKHDKDYNKVELYENAVARYSMLPSQAK,10.1371/journal.pone.0002680,ATGAATGTGATTAAACCAGACATGAAGATCAAGCTGTGTATGAGAGGCACTATAAACGGGCATAATTTCGTGATTGAAGGAGAAGGAAAAGGAAACCCTTACGAGGGAACGCAGATTTTAGACCTGAACGTCACTGAAGGCGCACCTCTGCCTTTCGCTTACGATATCTTGACAACAGTGTTCCAGTACGGCAACAGGGCATTCACCAAGTACCCAGCAGATATTCAGGACTATTTCAAGCAGACTTTTCCTGAGGGGTATCACTGGGAAAGAAGCATGACTTATGAAGACCAGGGCATTTGCACTGCCACAAGCAACATAAGCATGCGTGGCGACTGTTTTTTCTATGACATTCGTTTTGATGGTGTGAACTTTCCTCCCAATGGTCCGGTTATGCAGAAGAAGACTCTTAAATGGGAGCCATCCACTGAGAAAATGTACGTACGTGATGGAGTGCTGAAGGGTGATGTTAACATGGCTCTGTTGCTTGAAGGAGGTGGCCATTATCGATGTGATTTCAAAACTACTTACAAAGCAAAGAAGGATGTCCGTTTGCCAGACTATCACTTTGTGGACCACCGCATTGAGATTTTGAAGCATGACAAAGATTACAACAAGGTCGAGCTCTATGAGAATGCCGTTGCTCGCTATTCTATGCTGCCGAGTCAGGCCAAG,match,MNVIKPDMKIKLCMRGTINGHNFVIEGEGKGNPYEGTQILDLNVTEGAPLPFAYDILTTVFQYGNRAFTKYPADIQDYFKQTFPEGYHWERSMTYEDQGICTATSNISMRGDCFFYDIRFDGVNFPPNGPVMQKKTLKWEPSTEKMYVRDGVLKGDVNMALLLEGGGHYRCDFKTTYKAKKDVRLPDYHFVDHRIEILKHDKDYNKVELYENAVARYSMLPSQAK,False
13,meffGFP,Montipora efflorescens,,A8CLV1,DQ206393,nature,,green,492,506,MALSKNGVKDRMKLKFHMEGSVNGHEFTIKGEGTGQPYEGTQSIQLRVEKGGPLPFSVDILSAVFLYGNRVFTKYPQDLVDYFKNSCPAGYTWQRSFLFEDGAVCTASADITVSVEENCFYHESKFHGVNFPADGPVMKKMTTNWEPSCEKITPIPNEGILKGDVTMFLLLKDGGRYRCQFDTVYKAKSDPKTIMMPDWHFIQHKLNREDRSDAKHQKWRLVENAIAYRSTLS,10.1371/journal.pone.0002680,ATGGCTCTTTCAAAGAACGGTGTCAAAGACAGAATGAAGCTGAAATTCCATATGGAGGGGAGTGTCAACGGGCATGAATTTACAATCAAGGGCGAAGGCACTGGGCAACCTTACGAAGGGACACAGTCTATTCAACTGCGTGTGGAAAAAGGGGGTCCGTTGCCATTCTCCGTAGACATATTGTCGGCTGTGTTTCTGTACGGAAACAGGGTCTTTACTAAATATCCTCAAGACCTTGTTGACTATTTCAAGAACTCGTGTCCTGCTGGATATACATGGCAAAGGTCTTTTCTCTTTGAAGATGGTGCAGTTTGCACAGCCAGTGCAGATATAACAGTGAGTGTTGAGGAGAACTGCTTTTATCACGAGTCCAAGTTTCATGGAGTGAACTTTCCTGCTGATGGACCTGTGATGAAAAAGATGACAACTAACTGGGAACCATCCTGCGAGAAAATCACACCAATACCTAATGAGGGGATATTGAAAGGAGATGTCACCATGTTCCTCCTTCTGAAGGATGGTGGGCGTTACCGGTGCCAGTTCGATACAGTTTACAAAGCAAAGTCTGACCCAAAAACGATCATGATGCCGGACTGGCACTTCATCCAACATAAGCTCAACCGCGAAGACCGCAGCGATGCTAAGCACCAGAAATGGCGACTGGTAGAAAATGCTATTGCATACCGATCCACATTATCC,match,MALSKNGVKDRMKLKFHMEGSVNGHEFTIKGEGTGQPYEGTQSIQLRVEKGGPLPFSVDILSAVFLYGNRVFTKYPQDLVDYFKNSCPAGYTWQRSFLFEDGAVCTASADITVSVEENCFYHESKFHGVNFPADGPVMKKMTTNWEPSCEKITPIPNEGILKGDVTMFLLLKDGGRYRCQFDTVYKAKSDPKTIMMPDWHFIQHKLNREDRSDAKHQKWRLVENAIAYRSTLS,False
14,plamGFP,Platygira lamellina,,B6CTZ5,EU498724,nature,,green,502,514,MEIEDVIKRDMKIKLRMEGAVNGHKFVIIGNGDGKPYEGTQTIDLEVIEGAPLPFAFDILTTVFEYGNRVFAKYPNEIVDYFKQSFPEGYSWERSMTYEDGGICIATNNITLSKVIDNCFHYNIRFDGVNFPPKSPVLQKTTMKWEPSTEIMYVRDGVLKGDVNMALLIEGGGHYRCDFKTIYKAKKVVELPDYHFVDHRITIKSHDKDYNKVLLHEHAKARYGLQRKAK,10.1371/journal.pone.0002680,ATGGAGATTGAGGATGTGATTAAACGAGACATGAAGATCAAGCTGCGTATGGAAGGCGCTGTTAACGGGCACAAGTTCGTAATTATAGGAAACGGAGATGGCAAGCCTTACGAGGGGACTCAGACTATCGATCTTGAAGTCATAGAAGGCGCACCTCTTCCTTTCGCTTTCGACATCTTGACAACGGTATTCGAGTACGGCAACAGGGTCTTCGCCAAATACCCAAATGAAATAGTAGACTATTTTAAGCAGTCATTTCCTGAAGGTTACTCTTGGGAAAGAAGCATGACTTACGAAGACGGAGGAATTTGCATCGCCACAAACAATATAACACTGAGTAAAGTAATCGACAACTGCTTTCACTATAACATCCGATTTGATGGTGTGAACTTTCCCCCGAAAAGTCCGGTTTTGCAAAAGACAACAATGAAGTGGGAGCCTTCCACTGAGATTATGTATGTGCGTGATGGAGTTCTGAAAGGTGATGTTAACATGGCTCTGTTGATTGAAGGAGGTGGCCATTACCGGTGTGACTTCAAAACTATTTACAAAGCAAAGAAGGTAGTCGAGCTGCCAGATTATCACTTTGTGGACCACCGCATTACAATTAAGAGCCATGACAAGGATTACAACAAAGTTCTGCTGCATGAGCATGCCAAAGCTCGTTATGGGCTGCAGAGGAAGGCCAAG,match,MEIEDVIKRDMKIKLRMEGAVNGHKFVIIGNGDGKPYEGTQTIDLEVIEGAPLPFAFDILTTVFEYGNRVFAKYPNEIVDYFKQSFPEGYSWERSMTYEDGGICIATNNITLSKVIDNCFHYNIRFDGVNFPPKSPVLQKTTMKWEPSTEIMYVRDGVLKGDVNMALLIEGGGHYRCDFKTIYKAKKVVELPDYHFVDHRITIKSHDKDYNKVLLHEHAKARYGLQRKAK,False
15,pporGFP,Porites porites,,A8CLU1,DQ206391,nature,,green,495,507,MALSKQVTMKYHMDGRFEDKEFTIEGEGTGKPYEGKQTVTLWVTKGAPLPFSFDILSAVFLYGNRAFTDYPKGIVDYFKPSFPEGYSFERTLEFEDGGYCTASADISLDSASNCFIHKSSFKGVKFPDNGPVKQKKTTNWEPSIEKMTVRDGILKGDVTMFLSLTDGGNHRCQFSTLYKAKKAVKLPTESHYVEHRLVRTDLPNGKVQLEEHAAARLNTV,10.1371/journal.pone.0002680,ATGGCTCTTTCAAAGCAAGTGACAATGAAATACCACATGGATGGCAGATTCGAGGACAAGGAGTTTACAATCGAGGGTGAAGGCACAGGGAAGCCGTACGAGGGGAAGCAAACCGTGACACTGTGGGTAACCAAGGGTGCACCCCTCCCATTCTCCTTTGACATATTGTCGGCTGTGTTTCTCTATGGTAACAGAGCCTTCACTGATTATCCTAAAGGAATCGTTGACTATTTCAAGCCATCTTTTCCTGAAGGATATTCATTTGAAAGAACTCTTGAATTTGAGGATGGCGGATATTGCACAGCCAGTGCGGATATAAGTCTTGACAGTGCAAGCAACTGCTTCATCCACAAGTCCAGTTTCAAGGGCGTCAAGTTTCCTGACAATGGACCAGTGAAGCAAAAGAAGACAACTAACTGGGAGCCGTCCATCGAGAAAATGACTGTGCGTGACGGGATATTGAAGGGTGATGTTACCATGTTCCTGTCGCTGACAGATGGAGGAAATCATCGTTGCCAGTTCAGCACTTTATACAAAGCAAAGAAGGCTGTCAAGTTGCCAACGGAAAGCCACTATGTGGAGCACCGCCTGGTGAGGACTGACCTTCCTAATGGAAAAGTTCAGTTGGAAGAGCATGCTGCTGCACGTTTAAACACCGTG,match,MALSKQVTMKYHMDGRFEDKEFTIEGEGTGKPYEGKQTVTLWVTKGAPLPFSFDILSAVFLYGNRAFTDYPKGIVDYFKPSFPEGYSFERTLEFEDGGYCTASADISLDSASNCFIHKSSFKGVKFPDNGPVKQKKTTNWEPSIEKMTVRDGILKGDVTMFLSLTDGGNHRCQFSTLYKAKKAVKLPTESHYVEHRLVRTDLPNGKVQLEEHAAARLNTV,False
16,sarcGFP,Sarcophyton sp.,,B6CTZ6,EU498725,nature,,green,483,500,MSVIKQEMKIKLHMDGNVNGHAFVIEGDGKGKPYDGTQTLNLSVKEGAPLPFSYDILTNAFQYGNRAFTKYPADIPDYFKQTFPEGYSWERTMSYEDNAICNVRSEISMEGDCFIYKIRFDGKNFPPNGPVMQKKTLKWEPSTEMMYARDGFLMGDVNMALLLEGGGHHRCDFKTSYKAAKKNVQLPDYHYVDHRIEILSHDRDYNKVKLYENAVARYSLLPSQA,10.1371/journal.pone.0002680,ATGAGTGTGATTAAACAAGAAATGAAGATTAAGCTGCATATGGACGGAAATGTAAACGGTCATGCATTTGTGATTGAAGGAGATGGAAAAGGAAAGCCTTACGATGGGACACAGACTTTAAACCTGTCAGTGAAAGAAGGCGCACCTCTCCCTTTTTCTTACGACATCTTGACAAATGCGTTCCAGTACGGAAATAGAGCATTCACCAAATATCCAGCCGATATACCAGACTATTTCAAGCAGACGTTTCCCGAGGGGTATTCATGGGAAAGAACCATGAGTTATGAAGACAACGCCATTTGCAACGTGAGAAGCGAGATCAGCATGGAAGGCGACTGTTTTATCTATAAAATTCGTTTTGATGGCAAGAACTTTCCCCCCAATGGTCCAGTTATGCAGAAGAAAACTTTGAAGTGGGAACCATCCACTGAGATGATGTACGCACGTGATGGGTTTCTGATGGGTGATGTTAACATGGCTCTGTTACTTGAAGGAGGCGGCCATCACCGATGTGACTTCAAAACTTCCTACAAAGCGGCGAAAAAGAATGTCCAGTTGCCAGATTATCACTATGTGGACCATCGTATTGAGATCTTGAGCCATGACAGGGATTACAACAAAGTCAAGCTGTATGAGAATGCGGTTGCTCGCTATTCTTTGCTGCCAAGTCAGGCC,match,MSVIKQEMKIKLHMDGNVNGHAFVIEGDGKGKPYDGTQTLNLSVKEGAPLPFSYDILTNAFQYGNRAFTKYPADIPDYFKQTFPEGYSWERTMSYEDNAICNVRSEISMEGDCFIYKIRFDGKNFPPNGPVMQKKTLKWEPSTEMMYARDGFLMGDVNMALLLEGGGHHRCDFKTSYKAAKKNVQLPDYHYVDHRIEILSHDRDYNKVKLYENAVARYSLLPSQA,False
17,stylGFP,Stylocoeniella sp.,,A8CLT7,DQ206390,nature,,green,485,500,MALTKQCIANEMTMTFHMDGCVNGHYFTIEGEGSGRPYEGKQMSKFKVTKGGPLPFSFDILSSAFKYGNRCFTAYPAGMHDYFKQAFPEGMSYERTFTFEDGGVATASGDISLKGNCFVHKSMFHGVNFPADGPVMKKKTTGWDPSFEKMTVCNGILKGDVTMFLMLEDGKNYKCQFHTSYKTKKPVTLPSNHVVEHRIVRTNLDKAGNHVQLDEHAVAHVNPL,10.1371/journal.pone.0002680,ATGGCTCTTACAAAGCAGTGTATCGCAAACGAAATGACGATGACTTTCCACATGGATGGCTGCGTCAATGGCCATTACTTTACTATCGAAGGAGAAGGCTCCGGGAGGCCATACGAGGGGAAGCAGATGTCAAAGTTTAAAGTCACCAAGGGTGGGCCCCTTCCATTCTCCTTTGACATACTATCGTCAGCATTCAAATATGGAAATCGATGCTTCACTGCGTATCCTGCCGGCATGCACGACTACTTCAAACAAGCATTTCCTGAGGGAATGTCATATGAAAGGACATTTACCTTTGAAGATGGAGGAGTTGCTACAGCGAGTGGGGACATAAGCCTTAAAGGTAACTGCTTTGTCCACAAATCCATGTTTCACGGAGTGAACTTTCCTGCTGATGGACCTGTGATGAAAAAGAAGACAACTGGTTGGGACCCGTCCTTTGAGAAAATGACTGTGTGCAATGGAATATTGAAGGGCGATGTTACCATGTTCCTCATGCTCGAAGATGGTAAAAATTACAAATGCCAATTCCACACTTCTTACAAGACAAAGAAACCGGTTACGCTGCCATCAAACCATGTCGTGGAACATCGCATTGTGAGGACCAACCTTGATAAAGCTGGCAACCATGTTCAACTGGATGAGCATGCTGTTGCACATGTTAATCCTTTG,match,MALTKQCIANEMTMTFHMDGCVNGHYFTIEGEGSGRPYEGKQMSKFKVTKGGPLPFSFDILSSAFKYGNRCFTAYPAGMHDYFKQAFPEGMSYERTFTFEDGGVATASGDISLKGNCFVHKSMFHGVNFPADGPVMKKKTTGWDPSFEKMTVCNGILKGDVTMFLMLEDGKNYKCQFHTSYKTKKPVTLPSNHVVEHRIVRTNLDKAGNHVQLDEHAVAHVNPL,False
18,cheGFP1,Clytia hemisphaerica,,J9PGT0,HQ397706,nature,,green,,509,MASAGALLLNQRVPFIMELDAEVNGIRFAVRGKGTGDATTGIIDTKFVCTTGKLPVPWASISSTMAYGALCFAKYPDSVKDFFKSAMPDGYIQEKTISFENDGAYKVRGVITYEHGSIYNRVTLKGEGFKKDGLILQKQYEFCCPNSAVYVLPDKENNGLRVVYNTIYKLKDGGHHLAAHEQQNTPLGGGVVDIPNYHHIHAGSIFSKDLEETRDHMCLVETVRAVNLETYN,10.1098/rsob.130206,ATGGCTTCTGCAGGCGCACTTCTCTTAAATCAAAGAGTCCCATTCATCATGGAGCTAGACGCTGAAGTTAACGGAATCAGATTTGCAGTTCGTGGCAAAGGAACAGGGGACGCAACAACTGGCATCATCGACACCAAATTCGTATGTACCACTGGTAAATTGCCAGTACCGTGGGCTTCAATCTCAAGCACAATGGCATATGGAGCTTTATGTTTCGCCAAATATCCAGACAGCGTTAAAGACTTCTTCAAATCAGCAATGCCAGACGGTTACATCCAAGAAAAGACCATCAGCTTCGAAAATGATGGCGCTTATAAAGTTCGTGGTGTAATCACTTACGAACATGGTTCTATTTACAATCGCGTCACACTTAAAGGAGAAGGATTCAAAAAAGACGGACTCATTCTTCAAAAACAATACGAATTTTGCTGTCCGAATAGTGCAGTTTACGTTTTGCCGGACAAAGAAAACAACGGACTCCGTGTTGTTTATAATACAATCTACAAATTGAAAGATGGAGGACATCATTTGGCTGCACACGAACAACAGAATACTCCACTCGGAGGAGGAGTTGTCGATATTCCAAACTATCATCATATTCATGCTGGAAGCATCTTCTCGAAAGATCTCGAAGAAACACGAGACCACATGTGTTTGGTCGAAACTGTCAGAGCTGTAAATCTTGAAACATACAAC,match,MASAGALLLNQRVPFIMELDAEVNGIRFAVRGKGTGDATTGIIDTKFVCTTGKLPVPWASISSTMAYGALCFAKYPDSVKDFFKSAMPDGYIQEKTISFENDGAYKVRGVITYEHGSIYNRVTLKGEGFKKDGLILQKQYEFCCPNSAVYVLPDKENNGLRVVYNTIYKLKDGGHHLAAHEQQNTPLGGGVVDIPNYHHIHAGSIFSKDLEETRDHMCLVETVRAVNLETYN,False
19,cheGFP2,Clytia hemisphaerica,,J9PGG2,HQ397707,nature,,green,,501,MSSTALTEGGKLFEKEIPYITELEGDVEGMKFTIKGEGTGDGTTGLIKSKYICTTGDLPVPWATILSSISYGVFCFAKYPRHIADFFKSTQPDGYSQDRIISFDDDGQYDVKAKITYEDGTLYNRVVLDGTGFKSNGNILGMRVLYHSPPHIIYILPDRKNGGMKIEYNKAFDVMGGGHQMTRHAQFNKPLGAWEEDYPMYHHLSVWTSFGKDPEDDETDHLTIVEVIKAIDLDTYK,10.1098/rsob.130206,ATGTCGTCCACGGCATTAACAGAAGGAGGAAAATTATTCGAAAAGGAAATTCCATACATTACGGAGTTAGAAGGAGATGTTGAAGGAATGAAGTTCACCATCAAAGGTGAAGGGACTGGAGATGGAACTACTGGATTGATCAAATCCAAATATATTTGCACCACTGGTGATCTTCCCGTACCTTGGGCTACCATCTTGAGTAGCATATCTTATGGTGTCTTCTGTTTCGCCAAATATCCACGTCACATTGCTGACTTTTTCAAGAGCACACAACCCGACGGTTATTCACAAGATAGAATCATTAGTTTTGATGACGATGGTCAATATGACGTGAAAGCAAAGATCACTTACGAAGATGGAACACTTTATAACAGAGTCGTGCTTGATGGCACTGGATTCAAATCAAACGGTAACATTTTGGGAATGAGAGTTCTTTACCATTCACCACCGCACATCATCTACATCCTTCCTGATCGTAAAAACGGTGGCATGAAAATCGAATACAATAAGGCTTTTGACGTTATGGGTGGAGGACATCAAATGACTCGCCACGCCCAATTTAACAAACCATTAGGAGCCTGGGAAGAGGATTACCCAATGTACCATCATCTTTCTGTTTGGACATCTTTCGGTAAAGATCCAGAAGATGATGAAACTGACCATTTAACCATCGTTGAAGTCATCAAAGCTATCGATTTAGATACTTACAAA,match,MSSTALTEGGKLFEKEIPYITELEGDVEGMKFTIKGEGTGDGTTGLIKSKYICTTGDLPVPWATILSSISYGVFCFAKYPRHIADFFKSTQPDGYSQDRIISFDDDGQYDVKAKITYEDGTLYNRVVLDGTGFKSNGNILGMRVLYHSPPHIIYILPDRKNGGMKIEYNKAFDVMGGGHQMTRHAQFNKPLGAWEEDYPMYHHLSVWTSFGKDPEDDETDHLTIVEVIKAIDLDTYK,False
20,cheGFP4,Clytia hemisphaerica,,J9PJD5,HQ397709,nature,,green,,509,MDMSSFNVGALIFNKELPFVVEVDFDIDDHKFSIRGKGVGNAEKGLMVGKYVVSEGELPCSWSAITHNFQYGQVCFTRYPKDIPDHIKSLFPEGYVQTRHSHFVDDGEYTSVHTLTYENGVIYNRVKVNGGGFKPDGNVFGKRLREVEPDICSVYFPGKDGYNCEFVKLSETVDGDYQAIRIDQVIRPLSDGPSLPMTKLYHHYKFEYSKDANETREHIIMKEQVHASHHTSK,10.1098/rsob.130206,ATGGACATGAGCTCATTCAATGTTGGCGCTCTGATTTTCAACAAAGAACTTCCTTTTGTCGTGGAAGTTGATTTTGACATTGATGATCACAAATTCTCCATTCGTGGCAAAGGTGTTGGCAATGCTGAGAAAGGATTGATGGTTGGCAAATATGTTGTTTCCGAAGGTGAATTACCATGCTCATGGTCAGCAATCACTCATAATTTCCAATACGGACAAGTTTGTTTCACCCGTTACCCAAAAGATATACCTGACCACATCAAGAGTCTGTTCCCAGAGGGTTACGTCCAAACACGACACAGTCATTTTGTCGATGATGGAGAGTATACGTCCGTACATACGTTAACGTACGAAAACGGAGTGATTTACAACCGCGTCAAAGTTAACGGTGGCGGTTTTAAACCCGATGGTAATGTTTTTGGCAAACGTCTTCGGGAAGTGGAACCTGATATCTGTTCAGTCTATTTCCCGGGAAAAGATGGATACAACTGTGAATTTGTCAAGCTTTCGGAGACGGTAGATGGCGATTATCAAGCAATCCGTATTGACCAAGTGATCAGACCTCTTTCAGACGGACCCTCCCTTCCAATGACCAAGCTTTATCATCATTACAAATTCGAATACAGTAAGGATGCCAACGAAACGAGGGAACACATCATCATGAAGGAACAAGTCCACGCTAGTCACCATACCTCTAAA,match,MDMSSFNVGALIFNKELPFVVEVDFDIDDHKFSIRGKGVGNAEKGLMVGKYVVSEGELPCSWSAITHNFQYGQVCFTRYPKDIPDHIKSLFPEGYVQTRHSHFVDDGEYTSVHTLTYENGVIYNRVKVNGGGFKPDGNVFGKRLREVEPDICSVYFPGKDGYNCEFVKLSETVDGDYQAIRIDQVIRPLSDGPSLPMTKLYHHYKFEYSKDANETREHIIMKEQVHASHHTSK,False
21,cgigGFP,Condylactis gigantea,,Q8T5E7,AY037776,nature,,green,399:482,496,MYPWIKETMRSKVYMEGDVNNHAFKCTAVGEGKPYKGSQDLTITVTEGGPLPFAFDILSHAFQYGNKVFTDYPDDIPDFFKQSLSDGFTWRRVSXYXXGGVLTVTQDTSLKGDCIICNIKVHGTNFPENGPVMQNKTDGWEPSSTETVIPQDGGIVAARSPALRLRDKGHLICHMETTYKPNKEVKLPELHFHHLRMEKLSVSDDGKTIKQHEYVVASYSKVPSKIGRQ,10.1073/pnas.062552299,ATGTATCCTTGGATCAAGGAAACCATGCGCAGTAAGGTTTACATGGAAGGAGATGTTAACAACCACGCCTTCAAGTGCACTGCAGTAGGAGAAGGAAAACCATACAAAGGCTCACAAGACCTGACGATTACCGTCACTGAAGGAGGTCCTCTGCCATTTGCTTTCGACATTCTTTCACACGCCTTTCAGTATGGCAACAAGGTGTTCACCGATTACCCCGACGATATTCCTGATTTCTTTAAGCAGTCTCTCTCGGATGGTTTTACTTGGAGAAGAGTAAGCAMSTATKACKATGGAGGAGTCCTCACAGTTACCCAAGACACTAGTCTGAAGGGAGATTGCATTATTTGCAACATTAAAGTCCATGGCACTAACTTCCCCGAAAATGGTCCGGTGATGCAAAACAAGACCGATGGATGGGAGCCATCCAGCACTGAAACGGTTATTCCACAAGATGGAGGAATTGTTGCTGCGCGATCACCCGCACTAAGGCTGCGTGATAAAGGTCATCTTATCTGCCACATGGAAACAACTTACAAGCCAAACAAAGAGGTGAAGCTGCCAGAACTCCACTTTCATCATTTGCGAATGGAAAAGCTGAGTGTTAGTGACGATGGGAAGACCATTAAGCAGCACGAGTATGTGGTGGCTAGCTACTCCAAAGTGCCTTCGAAGATAGGACGTCAA,match,MYPWIKETMRSKVYMEGDVNNHAFKCTAVGEGKPYKGSQDLTITVTEGGPLPFAFDILSHAFQYGNKVFTDYPDDIPDFFKQSLSDGFTWRRVSXYXXGGVLTVTQDTSLKGDCIICNIKVHGTNFPENGPVMQNKTDGWEPSSTETVIPQDGGIVAARSPALRLRDKGHLICHMETTYKPNKEVKLPELHFHHLRMEKLSVSDDGKTIKQHEYVVASYSKVPSKIGRQ,True
22,hcriGFP,Heteractis crispa,,Q8T6T9,AF420592,nature,,green,405:481,500,MCSYIKETMQSKVYMEGKVNDHNFKCTAEGKGEPYKGSQSLTITVTEGGPLPFAFDILSHAFRYGNKVFAKYPKDHPDFFKQSLPEGFTWERVSNYEDGGVLTVKQETSLEGDCIICKIKAHGTNFPADGPVMQKRTNGWEPSTETVIPRGGGILMRDVPALKLLGNKGHLLCVMETTYKSKKKVNLPKPHFHHLRMEKDSVSDDEKTIEQHENVRASYFNDSGK,10.1073/pnas.062552299,ATGTGTTCTTACATCAAAGAAACCATGCAAAGTAAGGTTTACATGGAAGGAAAAGTTAACGACCACAACTTCAAGTGCACTGCAGAAGGAAAAGGAGAACCATACAAAGGCTCACAAAGCCTGACGATCACCGTAACTGAAGGAGGTCCTCTGCCATTTGCCTTCGACATTCTTTCACACGCCTTTCGATATGGCAATAAGGTGTTCGCCAAGTACCCCAAAGATCATCCTGATTTTTTTAAGCAGTCTCTTCCTGAAGGTTTTACTTGGGAAAGAGTAAGCAACTATGAGGACGGAGGAGTCCTTACCGTTAAACAAGAAACTAGTCTGGAGGGAGATTGCATTATTTGCAAAATTAAAGCACATGGCACTAACTTCCCCGCAGATGGTCCGGTGATGCAAAAACGGACCAATGGATGGGAGCCATCAACTGAAACGGTTATTCCACGGGGTGGAGGAATTCTGATGCGCGATGTGCCCGCACTGAAGCTGCTTGGTAACAAAGGACATCTTCTCTGCGTCATGGAAACAACTTACAAGTCAAAAAAAAAGGTGAACCTGCCAAAACCGCACTTTCATCATTTGAGAATGGAGAAGGATAGTGTTAGTGACGATGAGAAGACCATTGAGCAGCACGAGAATGTGAGGGCAAGCTACTTCAATGATAGTGGAAAA,match,MCSYIKETMQSKVYMEGKVNDHNFKCTAEGKGEPYKGSQSLTITVTEGGPLPFAFDILSHAFRYGNKVFAKYPKDHPDFFKQSLPEGFTWERVSNYEDGGVLTVKQETSLEGDCIICKIKAHGTNFPADGPVMQKRTNGWEPSTETVIPRGGGILMRDVPALKLLGNKGHLLCVMETTYKSKKKVNLPKPHFHHLRMEKDSVSDDEKTIEQHENVRASYFNDSGK,False
23,ptilGFP,Ptilosarcus sp.,,Q9BLZ0,AY015995,nature,,green,500,508,MNRNVLKNTGLKEIMSAKASVEGIVNNHVFSMEGFGKGNVLFGNQLMQIRVTKGGPLPFAFDIVSIAFQYGNRTFTKYPDDIADYFVQSFPAGFFYERNLRFEDGAIVDIRSDISLEDDKFHYKVEYRGNGFPSNGPVMQKAILGMEPSFEVVYMNSGVLVGEVDLVYKLESGNYYSCHMKTFYRSKGGVKEFPEYHFIHHRLEKTYVEEGSFVEQHETAIAQLTTIGKPLGSLHEWV,10.1073/pnas.062552299,ATGAACCGCAACGTATTAAAGAACACTGGACTGAAAGAGATTATGTCGGCAAAAGCTAGCGTTGAAGGAATCGTGAACAATCACGTTTTTTCCATGGAAGGATTTGGAAAAGGCAATGTATTATTTGGAAACCAATTGATGCAAATCCGGGTTACAAAGGGAGGTCCGTTGCCATTCGCTTTCGATATTGTTTCCATAGCTTTCCAATACGGGAATCGCACTTTCACGAAATACCCAGACGACATTGCGGACTACTTTGTTCAATCATTCCCGGCTGGATTTTTCTACGAAAGAAATCTACGCTTTGAAGATGGCGCCATTGTTGACATTCGTTCAGATATAAGTTTAGAAGATGATAAGTTCCACTACAAAGTGGAGTATAGAGGCAACGGTTTCCCTAGTAACGGACCCGTGATGCAAAAAGCCATCCTCGGCATGGAGCCATCGTTTGAGGTGGTCTACATGAACAGCGGCGTTCTGGTGGGCGAAGTAGATCTCGTTTACAAACTCGAGTCAGGGAACTATTACTCGTGCCACATGAAAACGTTTTACAGATCCAAAGGTGGAGTGAAAGAATTCCCGGAATATCACTTTATCCATCATCGTCTGGAGAAAACCTACGTGGAAGAAGGAAGCTTCGTGGAACAACACGAGACGGCCATTGCACAACTGACCACAATTGGAAAACCTCTGGGCTCCCTTCATGAATGGGTG,match,MNRNVLKNTGLKEIMSAKASVEGIVNNHVFSMEGFGKGNVLFGNQLMQIRVTKGGPLPFAFDIVSIAFQYGNRTFTKYPDDIADYFVQSFPAGFFYERNLRFEDGAIVDIRSDISLEDDKFHYKVEYRGNGFPSNGPVMQKAILGMEPSFEVVYMNSGVLVGEVDLVYKLESGNYYSCHMKTFYRSKGGVKEFPEYHFIHHRLEKTYVEEGSFVEQHETAIAQLTTIGKPLGSLHEWV,False
24,rmueGFP,Renilla muelleri,,Q9BLY9,AY015996,nature,,green,498,510,MSKQILKNTCLQEVMSYKVNLEGIVNNHVFTMEGCGKGNILFGNQLVQIRVTKGAPLPFAFDIVSPAFQYGNRTFTKYPNDISDYFIQSFPAGFMYERTLRYEDGGLVEIRSDINLIEDKFVYRVEYKGSNFPDDGPVMQKTILGIEPSFEAMYMNNGVLVGEVILVYKLNSGKYYSCHMKTLMKSKGVVKEFPSYHFIQHRLEKTYVEDGGFVEQHETAIAQMTSIGKPLGSLHEWV,10.1073/pnas.062552299,ATGAGTAAACAAATATTGAAGAACACTTGTTTACAAGAAGTAATGTCGTATAAAGTAAATCTGGAAGGAATTGTAAACAACCATGTTTTTACAATGGAGGGTTGCGGCAAAGGGAATATTTTATTCGGCAATCAACTGGTTCAGATTCGTGTCACGAAAGGGGCCCCACTGCCTTTTGCATTTGATATTGTGTCACCAGCTTTTCAATATGGCAACCGTACTTTCACGAAATATCCGAATGATATATCAGATTATTTTATACAATCATTTCCAGCAGGATTTATGTATGAACGAACATTACGTTACGAAGATGGCGGACTTGTTGAAATTCGTTCAGATATAAATTTAATAGAAGACAAGTTCGTCTACAGAGTGGAATACAAAGGTAGTAACTTCCCAGATGATGGTCCCGTCATGCAGAAGACTATCTTAGGAATAGAGCCTTCATTTGAAGCCATGTACATGAATAATGGCGTCTTGGTCGGCGAAGTAATTCTTGTCTATAAACTAAACTCTGGGAAATATTATTCATGTCACATGAAAACATTAATGAAGTCGAAAGGTGTAGTAAAGGAGTTTCCTTCGTATCATTTTATTCAACATCGTTTGGAAAAGACTTACGTAGAAGACGGGGGGTTCGTTGAACAGCATGAGACTGCTATTGCTCAAATGACATCTATAGGAAAACCACTAGGATCCTTACACGAATGGGTT,match,MSKQILKNTCLQEVMSYKVNLEGIVNNHVFTMEGCGKGNILFGNQLVQIRVTKGAPLPFAFDIVSPAFQYGNRTFTKYPNDISDYFIQSFPAGFMYERTLRYEDGGLVEIRSDINLIEDKFVYRVEYKGSNFPDDGPVMQKTILGIEPSFEAMYMNNGVLVGEVILVYKLNSGKYYSCHMKTLMKSKGVVKEFPSYHFIQHRLEKTYVEDGGFVEQHETAIAQMTSIGKPLGSLHEWV,False
25,zoanGFP (zFP506),Zooanthus sp.,2OJK,Q9U6Y5,AF168422,nature,,green,496,506,MAQSKHGLTKEMTMKYRMEGCVDGHKFVITGEGIGYPFKGKQAINLCVVEGGPLPFAEDILSAAFNYGNRVFTEYPQDIVDYFKNSCPAGYTWDRSFLFEDGAVCICNADITVSVEENCMYHESKFYGVNFPADGPVMKKMTDNWEPSCEKIIPVPKQGILKGDVSMYLLLKDGGRLRCQFDTVYKAKSVPRKMPDWHFIQHKLTREDRSDAKNQKWHLTEHAIASGSALP,10.1073/pnas.062552299,ATGGCTCAGTCAAAGCACGGTCTAACAAAAGAAATGACAATGAAATACCGTATGGAAGGGTGCGTCGATGGACATAAATTTGTGATCACGGGAGAGGGCATTGGATATCCGTTCAAAGGGAAACAGGCTATTAATCTGTGTGTGGTCGAAGGTGGACCATTGCCATTTGCCGAAGACATATTGTCAGCTGCCTTTAACTACGGAAACAGGGTTTTCACTGAATATCCTCAAGACATAGTTGACTATTTCAAGAACTCGTGTCCTGCTGGATATACATGGGACAGGTCTTTTCTCTTTGAGGATGGAGCAGTTTGCATATGTAATGCAGATATAACAGTGAGTGTTGAAGAAAACTGCATGTATCATGAGTCCAAATTTTATGGAGTGAATTTTCCTGCTGATGGACCTGTGATGAAAAAGATGACAGATAACTGGGAGCCATCCTGCGAGAAGATCATACCAGTACCTAAGCAGGGGATATTGAAAGGGGATGTCTCCATGTACCTCCTTCTGAAGGATGGTGGGCGTTTACGGTGCCAATTCGACACAGTTTACAAAGCAAAGTCTGTGCCAAGAAAGATGCCGGACTGGCACTTCATCCAGCATAAGCTCACCCGTGAAGACCGCAGCGATGCTAAGAATCAGAAATGGCATCTGACAGAACATGCTATTGCATCCGGATCTGCATTGCCC,match,MAQSKHGLTKEMTMKYRMEGCVDGHKFVITGEGIGYPFKGKQAINLCVVEGGPLPFAEDILSAAFNYGNRVFTEYPQDIVDYFKNSCPAGYTWDRSFLFEDGAVCICNADITVSVEENCMYHESKFYGVNFPADGPVMKKMTDNWEPSCEKIIPVPKQGILKGDVSMYLLLKDGGRLRCQFDTVYKAKSVPRKMPDWHFIQHKLTREDRSDAKNQKWHLTEHAIASGSALP,False
26,asulGFP (asFP499),Anemonia sulcata,2C9I,Q9GPI6,AF322221,nature,,green,403:480,499,MYPSIKETMRVQLSMEGSVNYHAFKCTGKGEGKPYEGTQSLNITITEGGPLPFAFDILSHAFQYGIKVFAKYPKEIPDFFKQSLPGGFSWERVSTYEDGGVLSATQETSLQGDCIICKVKVLGTNFPANGPVMQKKTCGWEPSTETVIPRDGGLLLRDTPALMLADGGHLSCFMETTYKSKKEVKLPELHFHHLRMEKLNISDDWKTVEQHESVVASYSQVPSKLGHN,10.1073/pnas.062552299,ATGTATCCTTCCATCAAGGAAACCATGCGCGTTCAGCTTTCTATGGAGGGTAGTGTTAACTACCACGCCTTCAAGTGCACTGGAAAAGGAGAGGGAAAACCATACGAAGGCACCCAAAGCCTGAATATTACAATAACTGAAGGAGGTCCTCTGCCATTTGCTTTTGACATTCTGTCACACGCCTTTCAGTATGGCATCAAGGTCTTCGCCAAGTACCCCAAAGAAATTCCTGACTTCTTTAAGCAGTCTCTACCTGGTGGTTTTTCTTGGGAAAGAGTAAGCACCTATGAAGATGGAGGAGTGCTTTCAGCTACCCAAGAAACAAGTTTGCAGGGTGATTGCATCATCTGCAAAGTTAAAGTCCTTGGCACCAATTTTCCCGCAAACGGTCCAGTGATGCAAAAGAAGACCTGTGGATGGGAGCCATCAACTGAAACAGTCATCCCACGAGATGGTGGACTTCTGCTTCGCGATACCCCCGCACTTATGCTGGCTGACGGAGGTCATCTTTCTTGCTTCATGGAAACAACTTACAAGTCGAAGAAAGAGGTAAAGCTTCCAGAACTTCACTTTCATCATTTGCGTATGGAAAAGCTGAACATAAGTGACGATTGGAAGACCGTTGAGCAGCACGAGTCTGTGGTGGCTAGCTACTCCCAAGTGCCTTCGAAATTAGGACATAAC,match,MYPSIKETMRVQLSMEGSVNYHAFKCTGKGEGKPYEGTQSLNITITEGGPLPFAFDILSHAFQYGIKVFAKYPKEIPDFFKQSLPGGFSWERVSTYEDGGVLSATQETSLQGDCIICKVKVLGTNFPANGPVMQKKTCGWEPSTETVIPRDGGLLLRDTPALMLADGGHLSCFMETTYKSKKEVKLPELHFHHLRMEKLNISDDWKTVEQHESVVASYSQVPSKLGHN,False
27,dis3GFP,Discosoma sp.3,,Q8T6T8,AF420593,nature,,green,503,512,MSALKEEMKINLTMEGVVNGLPFKIRGDGKGKPYQGSQELTLTVVKGGPLPFSYDILTTMFQYGNRAFVNYPEDIPDIFKQTCSGPNGGYSWQRTMTYEDGGVCTATSNISVVGDTFNYDIHFMGANFPLDGPVMQKRTMKWEPSTEIMFERDGMLRGDIAMSLLLKGGGHYRCDFETIYKPNKVVKMPDYHFVDHCIEITSQQDYYNVVELTEVAEARYSSLEKIGKSKA,10.1073/pnas.062552299,ATGAGTGCACTTAAAGAAGAAATGAAAATCAACCTTACAATGGAAGGTGTTGTTAACGGGCTTCCATTTAAGATCCGTGGGGATGGAAAAGGCAAACCATACCAGGGATCACAGGAGTTAACCTTGACGGTGGTTAAAGGCGGGCCTCTGCCTTTCTCTTATGATATTCTGACAACGATGTTTCAGTACGGCAACAGGGCATTCGTAAACTACCCAGAGGACATACCAGATATTTTCAAGCAGACCTGTTCTGGTCCTAATGGTGGATATTCCTGGCAAAGGACCATGACTTATGAAGACGGAGGCGTTTGCACTGCTACAAGCAACATCAGCGTGGTTGGCGACACTTTCAATTATGACATTCACTTTATGGGAGCGAATTTTCCTCTTGATGGTCCAGTGATGCAGAAAAGAACAATGAAATGGGAACCATCCACTGAGATAATGTTTGAACGTGATGGAATGCTGAGGGGTGACATTGCCATGTCTCTGTTGCTGAAGGGAGGGGGCCATTACCGATGTGATTTTGAAACTATTTATAAACCCAATAAGGTTGTCAAGATGCCAGATTACCATTTTGTGGACCACTGCATTGAGATAACGAGTCAACAGGATTATTACAACGTGGTTGAGCTGACCGAGGTTGCTGAAGCCCGCTACTCTTCGCTGGAGAAAATCGGCAAATCAAAGGCG,match,MSALKEEMKINLTMEGVVNGLPFKIRGDGKGKPYQGSQELTLTVVKGGPLPFSYDILTTMFQYGNRAFVNYPEDIPDIFKQTCSGPNGGYSWQRTMTYEDGGVCTATSNISVVGDTFNYDIHFMGANFPLDGPVMQKRTMKWEPSTEIMFERDGMLRGDIAMSLLLKGGGHYRCDFETIYKPNKVVKMPDYHFVDHCIEITSQQDYYNVVELTEVAEARYSSLEKIGKSKA,False
28,dendGFP,Dendronephthya sp.,5EXB,Q8T6U0,AF420591,nature,,green,494,508,MNLIKEDMRVKVHMEGNVNGHAFVIEGEGKGKPYEGTQTLNLTVKEGAPLPFSYDILTTALHYGNRVFTKYPEDIPDYFKQSFPEGYSWERTMTYEDKGICTIRSDISLEGDCFFQNVRFNGMNFPPNGPVMQKKTLKWEPSTEKLHVRDGLLVGNINMALLLEGGGHYLCDFKTTYKAKKVVQLPDYHFVDHRIEILSNDSDYNKVKLYEHGVARYSPLPSQAW,10.1073/pnas.062552299,ATGAATCTGATTAAAGAAGATATGAGGGTTAAGGTGCATATGGAAGGGAATGTAAACGGGCATGCTTTTGTGATTGAAGGGGAAGGAAAAGGAAAGCCCTACGAAGGGACACAGACCTTGAACCTGACAGTGAAAGAAGGCGCGCCTCTCCCATTTTCTTACGACATCTTGACAACAGCATTGCACTACGGAAACAGAGTATTCACCAAATACCCAGAAGATATACCGGATTATTTCAAGCAGTCGTTTCCTGAAGGATATTCCTGGGAAAGAACCATGACTTATGAAGACAAGGGCATTTGTACCATCAGAAGCGACATAAGCTTGGAAGGTGACTGCTTTTTCCAAAACGTTCGTTTTAATGGGATGAACTTTCCCCCAAATGGTCCAGTTATGCAGAAGAAAACTTTGAAGTGGGAACCATCCACAGAGAAGCTGCACGTGCGTGATGGGTTGCTTGTCGGTAATATTAACATGGCTCTGCTGCTTGAAGGAGGTGGACATTACCTGTGTGACTTCAAAACTACTTACAAAGCGAAGAAGGTTGTTCAGTTGCCAGATTATCATTTTGTGGACCATCGCATTGAGATCTTGAGTAATGACAGCGATTACAACAAAGTGAAGCTGTACGAGCATGGGGTTGCTCGCTATTCTCCGTTGCCAAGTCAGGCCTGG,match,MNLIKEDMRVKVHMEGNVNGHAFVIEGEGKGKPYEGTQTLNLTVKEGAPLPFSYDILTTALHYGNRVFTKYPEDIPDYFKQSFPEGYSWERTMTYEDKGICTIRSDISLEGDCFFQNVRFNGMNFPPNGPVMQKKTLKWEPSTEKLHVRDGLLVGNINMALLLEGGGHYLCDFKTTYKAKKVVQLPDYHFVDHRIEILSNDSDYNKVKLYEHGVARYSPLPSQAW,False
29,mcavGFP,Montrastraea cavernosa,,Q8T5F2,AY037769,nature,,green,506,516,MTSVAQEKGVIKPDMKMKLRMEGAVNGHKFVVEGDGKGKPFDGTQTMDLTVIEGAPLPFAYDILTTVFDYGNRVFAKYPEDIADYFKQTFPEGYFWERSMTYEDQGICIATNDITMMEGVDDCFAYKIRFDGVNFPANGPVMQRKTLKWEPSTEIMYARDGVLKGDVNMALLLEGGGHYRCDFKTTYKAKKVVRLPDYHFVDHRIEIVSHDKDYNKVKLHEHAEARHGLSRKAK,10.1073/pnas.062552299,ATGACAAGTGTTGCACAGGAAAAGGGTGTGATTAAACCAGACATGAAGATGAAGCTGCGTATGGAAGGTGCTGTAAACGGGCACAAGTTCGTGGTTGAAGGAGATGGAAAAGGGAAGCCTTTCGACGGAACACAGACTATGGACCTTACAGTCATAGAAGGCGCACCATTGCCTTTCGCTTACGATATCTTGACAACAGTATTCGATTACGGCAACAGGGTATTCGCCAAATACCCAGAAGACATAGCAGATTATTTCAAGCAGACGTTTCCTGAGGGGTACTTCTGGGAACGAAGCATGACATACGAAGACCAGGGCATTTGCATCGCCACAAACGACATAACAATGATGGAAGGCGTCGACGACTGTTTTGCCTATAAAATTCGATTTGATGGTGTGAACTTTCCTGCCAATGGTCCAGTTATGCAGAGGAAGACGCTGAAATGGGAGCCATCCACTGAGATAATGTATGCGCGTGATGGAGTGCTGAAGGGTGATGTTAACATGGCTCTGTTGCTTGAAGGAGGTGGCCATTACCGATGTGACTTCAAAACTACTTACAAAGCTAAGAAGGTTGTCCGGTTGCCAGACTATCACTTTGTGGACCATCGCATTGAGATTGTGAGCCACGACAAAGATTACAACAAGGTTAAGCTGCACGAGCATGCCGAAGCTCGTCATGGACTGTCAAGGAAGGCCAAG,match,MTSVAQEKGVIKPDMKMKLRMEGAVNGHKFVVEGDGKGKPFDGTQTMDLTVIEGAPLPFAYDILTTVFDYGNRVFAKYPEDIADYFKQTFPEGYFWERSMTYEDQGICIATNDITMMEGVDDCFAYKIRFDGVNFPANGPVMQRKTLKWEPSTEIMYARDGVLKGDVNMALLLEGGGHYRCDFKTTYKAKKVVRLPDYHFVDHRIEIVSHDKDYNKVKLHEHAEARHGLSRKAK,False
30,rfloGFP,Ricordea florida,,Q8T5E9,AY037772,nature,,green,508,518,MSALKEEMKIKLKMVGVVNGQSFQIDGEGKGKPYEGSQKLTLEVVEGGPLLFSYDILTTIFQYGNRAFVNYPKDIPDIFKQTCSGPDGGFSWQRTMTYEDGGVCTASNHISVDGDTFYYVIRFNGENFPPNGPVMQKRTVKWEPSTEIMFERDGLLRGDIAMSLLLKGGGHYRCDFKTIYTPKRKVNMPGYHFVDHCIEIQKHDKDYNMAVLSEDAVAHNSPLEKKSQAKA,10.1073/pnas.062552299,ATGAGTGCACTCAAAGAGGAAATGAAAATCAAGCTTAAAATGGTGGGCGTTGTTAACGGGCAGTCATTTCAGATCGATGGGGAAGGAAAAGGCAAACCTTACGAGGGATCACAGAAATTAACCCTTGAAGTGGTGGAAGGAGGGCCTCTGCTCTTCTCTTATGATATCCTGACAACGATATTTCAGTATGGCAACAGGGCATTCGTGAACTACCCAAAGGACATACCAGATATTTTCAAGCAGACCTGCTCTGGTCCTGATGGTGGATTTTCCTGGCAAAGGACCATGACTTATGAAGACGGAGGGGTTTGCACTGCTTCAAACCACATCAGCGTGGACGGCGACACTTTTTATTATGTGATAAGATTTAATGGAGAGAATTTTCCTCCAAATGGTCCAGTAATGCAGAAAAGAACAGTGAAATGGGAGCCATCCACTGAGATAATGTTTGAACGTGATGGATTGCTGAGGGGTGACATTGCCATGTCTCTGTTGCTGAAAGGAGGCGGCCATTACCGATGTGACTTTAAAACTATTTATACACCCAAGAGGAAGGTCAACATGCCAGGTTACCATTTTGTGGACCACTGCATTGAGATACAGAAGCACGACAAGGATTACAACATGGCTGTGCTCTCTGAGGATGCTGTAGCCCACAACTCTCCTCTGGAGAAAAAAAGCCAAGCAAAGGCG,match,MSALKEEMKIKLKMVGVVNGQSFQIDGEGKGKPYEGSQKLTLEVVEGGPLLFSYDILTTIFQYGNRAFVNYPKDIPDIFKQTCSGPDGGFSWQRTMTYEDGGVCTASNHISVDGDTFYYVIRFNGENFPPNGPVMQKRTVKWEPSTEIMFERDGLLRGDIAMSLLLKGGGHYRCDFKTIYTPKRKVNMPGYHFVDHCIEIQKHDKDYNMAVLSEDAVAHNSPLEKKSQAKA,False
31,scubGFP1,Scolymia cubensis,,Q8T5F3,AY037767,nature,,green,497,506,MQRAGMKVKEHMKIKLRMGGTVNGKHFAVNGTGDGYPYQGKQILKLIVEGSEPLPFAFDILSAAFQYGNRAFTEYPTEIADYFKQSFEFGEGFSWERSFTFEDGAICVATNDITMVGGEFQYDIRFDGLNFPXDGPVMQKKTVKWEPSTEIMYMQNGVLKGEVNMALLLXDKSHYRCDLKTTYKAKNNVPHPPGYHYVDHCIEILEERKDHVKLREHAKARSSLSPTSAKERKA,10.1073/pnas.062552299,ATGCAGCGTGCTGGGATGAAGGTTAAGGAACATATGAAGATCAAACTGCGTATGGGAGGTACTGTAAACGGAAAGCATTTCGCGGTTAATGGGACAGGAGACGGCTACCCTTATCAGGGAAAACAGATTTTGAAACTTATCGTCGAAGGCAGCGAACCTCTGCCTTTCGCTTTTGATATCTTGTCAGCAGCATTCCAGTATGGCAACAGGGCATTCACCGAATACCCAACAGAGATAGCAGACTATTTCAAGCAGTCGTTTGAGTTTGGCGAGGGGTTCTCCTGGGAACGAAGTTTCACTTTCGAAGATGGGGCCATTTGCGTCGCCACCAACGATATAACGATGGTTGGTGGTGAGTTTCAGTATGATATTCGATTTGATGGTCTGAACTTCCCSRAAGATGGTCCAGTGATGCAAAAGAAAACCGTAAAATGGGAGCCATCCACTGAGATAATGTATATGCAAAATGGAGTGCTGAAGGGTGAGGTTAACATGGCTCTGTTGCTTCMAGACAAAAGCCATTACCGTTGCGACCTCAAAACTACTTACAAAGCTAAGAATAATGTGCCGCATCCTCCAGGCTACCACTATGTGGATCACTGCATTGAAATACTCGAAGAACGTAAGGATCACGTTAAGCTGCGGGAGCATGCTAAAGCTCGTTCTAGCCTGTCACCTACCAGTGCAAAAGAACGAAAGGCT,mismatch,MQRAGMKVKEHMKIKLRMGGTVNGKHFAVNGTGDGYPYQGKQILKLIVEGSEPLPFAFDILSAAFQYGNRAFTEYPTEIADYFKQSFEFGEGFSWERSFTFEDGAICVATNDITMVGGEFQYDIRFDGLNFXXDGPVMQKKTVKWEPSTEIMYMQNGVLKGEVNMALLLXDKSHYRCDLKTTYKAKNNVPHPPGYHYVDHCIEILEERKDHVKLREHAKARSSLSPTSAKERKA,True
32,scubGFP2,Scolymia cubensis,,Q8T5F0,AY037771,nature,,green,497,506,MQSAGKKNVVKDFMKITLRMDGAVNGKPFAVNGTGDGNPYGGIQSLKLTVDGNKPLPFAFDILSAAFQYGNRAFTEYPKEISDYFKQSFEFGEGFTWERSFTFEDGAICVATNDIKMVGDEFQYNIRFDGVNFPEDGPVMQKKTVKWEPSTEIMRVQGGVLKGEVNMALLLKDKSHYRCDFKTTYKAKNPVPPTALPXYHYVDHCIEITEENRDYVKLQEYAKARSGLHLPELQK,10.1073/pnas.062552299,ATGCAATCTGCTGGGAAGAAGAATGTCGTTAAGGACTTCATGAAGATCACACTGCGTATGGACGGTGCTGTAAACGGGAAGCCCTTCGCGGTTAATGGAACAGGAGATGGCAACCCTTATGGTGGAATACAGAGTTTGAAGCTTACCGTCGATGGCAACAAACCTCTGCCTTTTGCTTTTGATATCTTGTCAGCAGCATTCCAGTATGGCAACAGGGCATTCACCGAATACCCAAAAGAGATATCAGACTATTTCAAGCAGTCGTTTGAGTTTGGCGAGGGGTTTACCTGGGAACGAAGTTTCACTTTCGAAGACGGGGCCATTTGCGTCGCCACGAACGATATAAAGATGGTTGGCGATGAGTTTCAATATAACATTCGATTTGATGGTGTGAATTTCCCTGAAGATGGTCCWGTYATGCAGAAGAAAACGGTGAAGTGGGAGCCATCCACAGAGATAATGCGTGTGCAAGGTGGAGTGCTAAAGGGTGAGGTTAACATGGCTCTGTTGCTTAAAGACAAAAGCCATTACCGATGTGACTTCAAAACTACTTACAAAGCTAAGAATCCTGTCCCGCCGACGGCGCTTCCAGRCTACCACTATGTGGATCACTGTATTGAAATCACCGAGGAAAATAGGGATTACGTTAAGCTGCAGGAGTATGCTAAAGCTCGTTCTGGCCTGCACCTGCCCGAACTGCAAAAG,mismatch,MQSAGKKNVVKDFMKITLRMDGAVNGKPFAVNGTGDGNPYGGIQSLKLTVDGNKPLPFAFDILSAAFQYGNRAFTEYPKEISDYFKQSFEFGEGFTWERSFTFEDGAICVATNDIKMVGDEFQYNIRFDGVNFPEDGXXMQKKTVKWEPSTEIMRVQGGVLKGEVNMALLLKDKSHYRCDFKTTYKAKNPVPPTALPXYHYVDHCIEITEENRDYVKLQEYAKARSGLHLPELQK,True
33,amajGFP (amFP486),Anemonia majano,2A46,Q9U6Y6,AF168421,nature,,green,458,486,MALSNKFIGDDMKMTYHMDGCVNGHYFTVKGEGNGKPYEGTQTSTFKVTMANGGPLAFSFDILSTVFKYGNRCFTAYPTSMPDYFKQAFPDGMSYERTFTYEDGGVATASWEISLKGNCFEHKSTFHGVNFPADGPVMAKKTTGWDPSFEKMTVCDGILKGDVTAFLMLQGGGNYRCQFHTSYKTKKPVTMPPNHVVEHRIARTDLDKGGNSVQLTEHAVAHITSVVPF,10.1073/pnas.062552299,ATGGCTCTTTCAAACAAGTTTATCGGAGATGACATGAAAATGACCTACCATATGGATGGCTGTGTCAATGGGCATTACTTTACCGTCAAAGGTGAAGGCAACGGGAAGCCATACGAAGGGACGCAGACTTCGACTTTTAAAGTCACCATGGCCAACGGTGGGCCCCTTGCATTCTCCTTTGACATACTATCTACAGTGTTCAAATATGGAAATCGATGCTTTACTGCGTATCCTACCAGTATGCCCGACTATTTCAAACAAGCATTTCCTGACGGAATGTCATATGAAAGGACTTTTACCTATGAAGATGGAGGAGTTGCTACAGCCAGTTGGGAAATAAGCCTTAAAGGCAACTGCTTTGAGCACAAATCCACGTTTCATGGAGTGAACTTTCCTGCTGATGGACCTGTGATGGCGAAGAAGACAACTGGTTGGGACCCATCTTTTGAGAAAATGACTGTCTGCGATGGAATATTGAAGGGTGATGTCACCGCGTTCCTCATGCTGCAAGGAGGTGGCAATTACAGATGCCAATTCCACACTTCTTACAAGACAAAAAAACCGGTGACGATGCCACCAAACCATGTGGTGGAACATCGCATTGCGAGGACCGACCTTGACAAAGGTGGCAACAGTGTTCAGCTGACGGAGCACGCTGTTGCACATATAACCTCTGTTGTCCCTTTC,match,MALSNKFIGDDMKMTYHMDGCVNGHYFTVKGEGNGKPYEGTQTSTFKVTMANGGPLAFSFDILSTVFKYGNRCFTAYPTSMPDYFKQAFPDGMSYERTFTYEDGGVATASWEISLKGNCFEHKSTFHGVNFPADGPVMAKKTTGWDPSFEKMTVCDGILKGDVTAFLMLQGGGNYRCQFHTSYKTKKPVTMPPNHVVEHRIARTDLDKGGNSVQLTEHAVAHITSVVPF,False
34,dstrGFP (dsFP483),Discosoma striata,3CGL,Q9U6Y7,AF168420,nature,,green,456,484,MSCSKSVIKEEMLIDLHLEGTFNGHYFEIKGKGKGQPNEGTNTVTLEVTKGGPLPFGWHILCPQFQYGNKAFVHHPDNIHDYLKLSFPEGYTWERSMHFEDGGLCCITNDISLTGNCFYYDIKFTGLNFPPNGPVVQKKTTGWEPSTERLYPRDGVLIGDIHHALTVEGGGHYACDIKTVYRAKKAALKMPGYHYVDTKLVIWNNDKEFMKVEEHEIAVARHHPFYEPKKDK,10.1073/pnas.062552299,ATGAGTTGTTCCAAGAGTGTGATCAAGGAAGAAATGTTGATCGATCTTCATCTGGAAGGAACGTTCAATGGGCACTACTTTGAAATAAAAGGCAAAGGAAAAGGACAGCCTAATGAAGGCACCAATACCGTCACGCTCGAGGTTACCAAGGGTGGACCTCTGCCATTTGGTTGGCATATTTTGTGCCCACAATTTCAGTATGGAAACAAGGCATTTGTCCACCACCCTGACAACATACATGATTATCTAAAGCTGTCATTTCCGGAGGGATATACATGGGAACGGTCCATGCACTTTGAAGACGGTGGCTTGTGTTGTATCACCAATGATATCAGTTTGACAGGCAACTGTTTCTACTACGACATCAAGTTCACTGGCTTGAACTTTCCTCCAAATGGACCCGTTGTGCAGAAGAAGACAACTGGCTGGGAACCGAGCACTGAGCGTTTGTATCCTCGTGATGGTGTGTTGATAGGAGACATCCATCATGCTCTGACAGTTGAAGGAGGTGGTCATTACGCATGTGACATTAAAACTGTTTACAGGGCCAAGAAGGCCGCCTTGAAGATGCCAGGGTATCACTATGTTGACACCAAACTGGTTATATGGAACAACGACAAAGAATTCATGAAAGTTGAGGAGCATGAAATCGCCGTTGCACGCCACCATCCGTTCTATGAGCCAAAGAAGGATAAG,match,MSCSKSVIKEEMLIDLHLEGTFNGHYFEIKGKGKGQPNEGTNTVTLEVTKGGPLPFGWHILCPQFQYGNKAFVHHPDNIHDYLKLSFPEGYTWERSMHFEDGGLCCITNDISLTGNCFYYDIKFTGLNFPPNGPVVQKKTTGWEPSTERLYPRDGVLIGDIHHALTVEGGGHYACDIKTVYRAKKAALKMPGYHYVDTKLVIWNNDKEFMKVEEHEIAVARHHPFYEPKKDK,False
35,clavGFP (cFP484),Clavularia sp.,2HQK:2OTB,Q9U6Y3,AF168424,nature,,green,443,483,MKCKFVFCLSFLVLAITNANIFLRNEADLEEKTLRIPKALTTMGVIKPDMKIKLKMEGNVNGHAFVIEGEGEGKPYDGTHTLNLEVKEGAPLPFSYDILSNAFQYGNRALTKYPDDIADYFKQSFPEGYSWERTMTFEDKGIVKVKSDISMEEDSFIYEIRFDGMNFPPNGPVMQKKTLKWEPSTEIMYVRDGVLVGDISHSLLLEGGGHYRCDFKSIYKAKKVVKLPDYHFVDHRIEILNHDKDYNKVTLYENAVARYSLLPSQA,10.1073/pnas.062552299,ATGAAGTGTAAATTTGTGTTCTGCCTGTCCTTCTTGGTCCTCGCCATCACAAACGCGAACATTTTTTTGAGAAACGAGGCTGACTTAGAAGAGAAGACATTGAGAATACCAAAAGCTCTAACCACCATGGGTGTGATTAAACCAGACATGAAGATTAAGCTGAAGATGGAAGGAAATGTAAACGGGCATGCTTTTGTGATCGAAGGAGAAGGAGAAGGAAAGCCTTACGATGGGACACACACTTTAAACCTGGAAGTGAAGGAAGGTGCGCCTCTGCCTTTTTCTTACGATATCTTGTCAAACGCGTTCCAGTACGGAAACAGAGCATTGACAAAATACCCAGACGATATAGCAGACTATTTCAAGCAGTCGTTTCCCGAGGGATATTCCTGGGAAAGAACCATGACTTTTGAAGACAAAGGCATTGTCAAAGTGAAAAGTGACATAAGCATGGAGGAAGACTCCTTTATCTATGAAATTCGTTTTGATGGGATGAACTTTCCTCCCAATGGTCCGGTTATGCAGAAAAAAACTTTGAAGTGGGAACCATCCACTGAGATTATGTACGTGCGTGATGGAGTGCTGGTCGGAGATATTAGCCATTCTCTGTTGCTGGAGGGAGGTGGCCATTACCGATGTGACTTCAAAAGTATTTACAAAGCAAAAAAAGTTGTCAAATTGCCAGACTATCACTTTGTGGACCATCGCATTGAGATCTTGAACCATGACAAGGATTACAACAAAGTAACGCTGTATGAGAATGCAGTTGCTCGCTATTCTTTGCTGCCAAGTCAGGCC,match,MKCKFVFCLSFLVLAITNANIFLRNEADLEEKTLRIPKALTTMGVIKPDMKIKLKMEGNVNGHAFVIEGEGEGKPYDGTHTLNLEVKEGAPLPFSYDILSNAFQYGNRALTKYPDDIADYFKQSFPEGYSWERTMTFEDKGIVKVKSDISMEEDSFIYEIRFDGMNFPPNGPVMQKKTLKWEPSTEIMYVRDGVLVGDISHSLLLEGGGHYRCDFKSIYKAKKVVKLPDYHFVDHRIEILNHDKDYNKVTLYENAVARYSLLPSQA,False
36,zoanYFP (zFP538),Zoanthus sp.,1XAE:2OGR,Q9U6Y4,AF168423,nature,,yellow,494:528,538,MAHSKHGLKEEMTMKYHMEGCVNGHKFVITGEGIGYPFKGKQTINLCVIEGGPLPFSEDILSAGFKYGDRIFTEYPQDIVDYFKNSCPAGYTWGRSFLFEDGAVCICNVDITVSVKENCIYHKSIFNGMNFPADGPVMKKMTTNWEASCEKIMPVPKQGILKGDVSMYLLLKDGGRYRCQFDTVYKAKSVPSKMPEWHFIQHKLLREDRSDAKNQKWQLTEHAIAFPSALA,10.1073/pnas.062552299,ATGGCTCATTCAAAGCACGGTCTAAAAGAAGAAATGACAATGAAATACCACATGGAAGGGTGCGTCAACGGACATAAATTTGTGATCACGGGCGAAGGCATTGGATATCCGTTCAAAGGGAAACAGACTATTAATCTGTGTGTGATCGAAGGGGGACCATTGCCATTTTCCGAAGACATATTGTCAGCTGGCTTTAAGTACGGAGACAGGATTTTCACTGAATATCCTCAAGACATAGTAGACTATTTCAAGAACTCGTGTCCTGCTGGATATACATGGGGCAGGTCTTTTCTCTTTGAGGATGGAGCAGTCTGCATATGCAATGTAGATATAACAGTGAGTGTCAAAGAAAACTGCATTTATCATAAGAGCATATTTAATGGAATGAATTTTCCTGCTGATGGACCTGTGATGAAAAAGATGACAACTAACTGGGAAGCATCCTGCGAGAAGATCATGCCAGTACCTAAGCAGGGGATACTGAAAGGGGATGTCTCCATGTACCTCCTTCTGAAGGATGGTGGGCGTTACCGGTGCCAGTTCGACACAGTTTACAAAGCAAAGTCTGTGCCAAGTAAGATGCCGGAGTGGCACTTCATCCAGCATAAGCTCCTCCGTGAAGACCGCAGCGATGCTAAGAATCAGAAGTGGCAGCTGACAGAGCATGCTATTGCATTCCCTTCTGCCTTGGCC,match,MAHSKHGLKEEMTMKYHMEGCVNGHKFVITGEGIGYPFKGKQTINLCVIEGGPLPFSEDILSAGFKYGDRIFTEYPQDIVDYFKNSCPAGYTWGRSFLFEDGAVCICNVDITVSVKENCIYHKSIFNGMNFPADGPVMKKMTTNWEASCEKIMPVPKQGILKGDVSMYLLLKDGGRYRCQFDTVYKAKSVPSKMPEWHFIQHKLLREDRSDAKNQKWQLTEHAIAFPSALA,False
37,DsRed (drRFP583),Discosoma sp.1,1ZGO,Q9U6Y8,AF168419,nature,,red,558,583,MRSSKNVIKEFMRFKVRMEGTVNGHEFEIEGEGEGRPYEGHNTVKLKVTKGGPLPFAWDILSPQFQYGSKVYVKHPADIPDYKKLSFPEGFKWERVMNFEDGGVVTVTQDSSLQDGCFIYKVKFIGVNFPSDGPVMQKKTMGWEASTERLYPRDGVLKGEIHKALKLKDGGHYLVEFKSIYMAKKPVQLPGYYYVDSKLDITSHNEDYTIVEQYERTEGRHHLFL,10.1073/pnas.062552299,ATGAGGTCTTCCAAGAATGTTATCAAGGAGTTCATGAGGTTTAAGGTTCGCATGGAAGGAACGGTCAATGGGCACGAGTTTGAAATAGAAGGCGAAGGAGAGGGGAGGCCATACGAAGGCCACAATACCGTAAAGCTTAAGGTAACCAAGGGGGGACCTTTGCCATTTGCTTGGGATATTTTGTCACCACAATTTCAGTATGGAAGCAAGGTATATGTCAAGCACCCTGCCGACATACCAGACTATAAAAAGCTGTCATTTCCTGAAGGATTTAAATGGGAAAGGGTCATGAACTTTGAAGACGGTGGCGTCGTTACTGTAACCCAGGATTCCAGTTTGCAGGATGGCTGTTTCATCTACAAGGTCAAGTTCATTGGCGTGAACTTTCCTTCCGATGGACCTGTTATGCAAAAGAAGACAATGGGCTGGGAAGCCAGCACTGAGCGTTTGTATCCTCGTGATGGCGTGTTGAAAGGAGAGATTCATAAGGCTCTGAAGCTGAAAGACGGTGGTCATTACCTAGTTGAATTCAAAAGTATTTACATGGCAAAGAAGCCTGTGCAGCTACCAGGGTACTACTATGTTGACTCCAAACTGGATATAACAAGCCACAACGAAGACTATACAATCGTTGAGCAGTATGAAAGAACCGAGGGACGCCACCATCTGTTCCTT,match,MRSSKNVIKEFMRFKVRMEGTVNGHEFEIEGEGEGRPYEGHNTVKLKVTKGGPLPFAWDILSPQFQYGSKVYVKHPADIPDYKKLSFPEGFKWERVMNFEDGGVVTVTQDSSLQDGCFIYKVKFIGVNFPSDGPVMQKKTMGWEASTERLYPRDGVLKGEIHKALKLKDGGHYLVEFKSIYMAKKPVQLPGYYYVDSKLDITSHNEDYTIVEQYERTEGRHHLFL,False
38,dis2RFP (dsRFP593),Discosoma sp.2,,Q9GTJ7,AF272711,nature,,red,573,593,MSCSKNVIKEFMRFKVRMEGTVNGHEFEIKGEGEGRPYEGHCSVKLMVTKGGPLPFAFDILSPQFQYGSKVYVKHPADIPDYKKLSFPEGFKWERVMNFEDGGVVTVSQDSSLKDGCFIYEVKFIGVNFPSDGPVMQRRTRGWEASSERLYPRDGVLKGDIHMALRLEGGGHYLVEFKSIYMVKKPSVQLPGYYYVDSKLDMTSHNEDYTVVEQYEKTQGRHHPFIKPLQ,10.1073/pnas.062552299,ATGAGTTGTTCCAAGAATGTGATCAAGGAGTTCATGAGGTTCAAGGTTCGTATGGAAGGAACGGTCAATGGGCACGAGTTTGAAATAAAAGGCGAAGGTGAAGGGAGGCCTTACGAAGGTCACTGTTCCGTAAAGCTTATGGTAACCAAGGGTGGACCTTTGCCATTTGCTTTTGATATTTTGTCACCACAATTTCAGTATGGAAGCAAGGTATATGTCAAACACCCTGCCGACATACCAGACTATAAAAAGCTGTCATTTCCTGAGGGATTTAAATGGGAAAGGGTCATGAACTTTGAAGACGGTGGCGTGGTTACTGTATCCCAAGATTCCAGTTTGAAAGACGGCTGTTTCATCTACGAGGTCAAGTTCATTGGGGTGAACTTTCCTTCTGATGGACCTGTTATGCAGAGGAGGACACGGGGCTGGGAAGCCAGCTCTGAGCGTTTGTATCCTCGTGATGGGGTGCTGAAAGGAGACATCCATATGGCTCTGAGGCTGGAAGGAGGCGGCCATTACCTCGTTGAATTCAAAAGTATTTACATGGTAAAGAAGCCTTCAGTGCAGTTGCCAGGCTACTATTATGTTGACTCCAAACTGGATATGACGAGCCACAACGAAGATTACACAGTCGTTGAGCAGTATGAAAAAACCCAGGGACGCCACCATCCGTTCATTAAGCCTCTGCAG,match,MSCSKNVIKEFMRFKVRMEGTVNGHEFEIKGEGEGRPYEGHCSVKLMVTKGGPLPFAFDILSPQFQYGSKVYVKHPADIPDYKKLSFPEGFKWERVMNFEDGGVVTVSQDSSLKDGCFIYEVKFIGVNFPSDGPVMQRRTRGWEASSERLYPRDGVLKGDIHMALRLEGGGHYLVEFKSIYMVKKPSVQLPGYYYVDSKLDMTSHNEDYTVVEQYEKTQGRHHPFIKPLQ,False
39,zoan2RFP (zRFP574),Zoanthus sp.2,2ICR:2FL1,Q8T4U4,AY059642,nature,,red,552,576,MAHSKHGLTDDMTMHFRMEGCVDGHKFVIEGNGNGNPFKGKQFINLCVIEGGPLPFSEDILSAAFDYGNRLFTEYPEGIVDYFKNSCPAGYTWHRSFRFEDGAVCICSADITVNVRENCIYHESTFYGVNFPADGPVMKKMTTNWEPSCEKIIPINSQKILKGDVSMYLLLKDGGRYRCQFDTIYKAKTEPKEMPDWHFIQHKLNREDRSDAKNQKWQLIEHAIASRSALP,10.1073/pnas.062552299,ATGGCCCATTCAAAGCACGGACTAACAGATGACATGACAATGCATTTCCGTATGGAAGGGTGCGTCGATGGACATAAGTTTGTAATCGAGGGCAACGGCAATGGAAATCCTTTCAAAGGGAAACAGTTTATTAATCTGTGTGTGATTGAAGGAGGACCACTGCCATTCTCCGAAGACATATTGTCTGCTGCGTTTGACTACGGAAACAGGCTCTTCACTGAATATCCTGAAGGCATAGTTGACTATTTCAAGAACTCGTGTCCTGCTGGATATACGTGGCACAGGTCTTTTCGCTTTGAAGATGGAGCAGTTTGCATATGCAGTGCAGATATAACAGTAAATGTTAGGGAAAACTGCATTTATCATGAGTCCACGTTTTATGGAGTGAACTTTCCTGCTGATGGACCTGTGATGAAAAAGATGACAACTAATTGGGAACCGTCCTGCGAGAAAATCATACCAATAAATAGTCAGAAGATATTAAAAGGGGATGTCTCCATGTACCTCCTTCTGAAGGATGGTGGGCGTTACCGCTGCCAGTTTGACACAATTTACAAAGCAAAGACTGAGCCAAAAGAAATGCCGGACTGGCACTTCATCCAGCATAAGCTCAACCGTGAAGACCGCAGCGATGCTAAGAATCAGAAATGGCAACTGATAGAACATGCTATTGCATCCCGATCTGCTTTACCC,match,MAHSKHGLTDDMTMHFRMEGCVDGHKFVIEGNGNGNPFKGKQFINLCVIEGGPLPFSEDILSAAFDYGNRLFTEYPEGIVDYFKNSCPAGYTWHRSFRFEDGAVCICSADITVNVRENCIYHESTFYGVNFPADGPVMKKMTTNWEPSCEKIIPINSQKILKGDVSMYLLLKDGGRYRCQFDTIYKAKTEPKEMPDWHFIQHKLNREDRSDAKNQKWQLIEHAIASRSALP,False
40,mcavRFP,Montrastraea cavernosa,,Q8T5F1,AY037770,nature,,red,508:572,520:580,MSVIKSVMKIKLRMEGSVNGHNFVIVGEGEGKPYEGTQSMDLTVKEGAPLPFAYDIMTTVFHYGNRVFAKYPKHIPDYFKQMFPEEYSWERSMNFEGGGICTARNEITMEGDCFFNKVRFDGVNFPPNGPVMQKKTLKWEPSTEKMYVRDGVLTGDINMALLLEGGGHYRCDFRTTYRAKKKGVKLPDYHFEDHSIEILRHDKEYTEVKLYEHAEAHSGLPRVAK,10.1073/pnas.062552299,ATGAGTGTGATTAAATCAGTCATGAAGATCAAGCTGCGTATGGAAGGCAGTGTAAACGGGCACAACTTCGTAATTGTTGGAGAAGGAGAAGGCAAGCCTTATGAGGGAACACAGAGTATGGACCTTACAGTCAAAGAAGGCGCACCTCTGCCTTTCGCCTACGATATCATGACAACAGTATTCCATTACGGCAATAGGGTATTCGCAAAATACCCAAAACATATCCCAGACTATTTCAAGCAGATGTTTCCTGAGGAGTATTCCTGGGAACGAAGCATGAATTTCGAAGGCGGGGGCATTTGCACCGCCAGGAACGAGATAACAATGGAAGGCGACTGTTTTTTCAATAAAGTTCGATTTGATGGTGTGAACTTCCCCCCCAATGGTCCAGTCATGCAGAAGAAGACGCTGAAATGGGAGCCATCCACTGAAAAAATGTATGTGCGTGATGGAGTGCTGACGGGTGATATCAACATGGCTTTGTTGCTTGAAGGAGGTGGCCATTACCGATGTGACTTCAGAACTACTTACAGAGCTAAGAAGAAGGGTGTCAAGTTACCAGATTATCACTTTGAGGATCACTCCATTGAGATTTTGCGCCATGACAAAGAATACACTGAGGTTAAGCTGTATGAGCATGCCGAAGCTCATTCTGGGCTGCCGAGGGTGGCAAAG,match,MSVIKSVMKIKLRMEGSVNGHNFVIVGEGEGKPYEGTQSMDLTVKEGAPLPFAYDIMTTVFHYGNRVFAKYPKHIPDYFKQMFPEEYSWERSMNFEGGGICTARNEITMEGDCFFNKVRFDGVNFPPNGPVMQKKTLKWEPSTEKMYVRDGVLTGDINMALLLEGGGHYRCDFRTTYRAKKKGVKLPDYHFEDHSIEILRHDKEYTEVKLYEHAEAHSGLPRVAK,False
41,rfloRFP,Ricordea florida,,Q8T5E8,AY037773,nature,,red,506:566,517:574,MSALKEEMKIXLTLVGVVNGHPFKIIGDGKGKPYEGSQELTLAVVEGGPLPFSYDILTTIVHYGNRAFVNYPKDIPDIFKQTCSGPGAGYSWQRTMSFEDGGVCTATSHIRVDGDTFNYDIHFMGADFPLNGPVMQKRTVKWEPSTEIMFQCDGLLRGDVAMSLLLKGGGHYRCDFKTIYKPKKNVKMPGYHFVDHCIEITSQQDDYNVVELYEGAVAHYSPLQKPCQAKA,10.1073/pnas.062552299,ATGAGTGCACTCAAAGAGGAAATGAAAATCARGCTTACATTGGTGGGCGTTGTTAACGGGCACCCATTCAAGATCATTGGGGACGGAAAAGGCAAACCCTATGAGGGATCGCAGGAATTAACCCTTGCCGTGGTGGAAGGAGGGCCTCTGCCTTTCTCTTATGATATCCTGACAACGATAGTTCACTATGGCAACAGGGCATTTGTGAACTACCCAAAGGACATACCAGATATTTTCAAGCAGACCTGCTCTGGTCCTGGTGCTGGATATTCCTGGCAAAGGACCATGAGTTTTGAAGACGGAGGCGTTTGCACTGCTACGAGCCATATCAGGGTGGATGGCGACACTTTCAATTATGACATTCACTTCATGGGAGCGGATTTCCCTCTTAATGGTCCAGTGATGCAGAAAAGAACAGTGAAATGGGAGCCATCCACTGAGATAATGTTTCAATGTGATGGATTGCTGAGGGGTGATGTTGCCATGTCTCTGTTGCTGAAAGGAGGCGGCCATTACCGATGTGACTTTAAAACTATTTATAAACCCAAGAAGAATGTCAAGATGCCAGGTTACCATTTTGTGGACCACTGCATTGAGATAACGAGTCAACAGGACGATTACAACGTGGTTGAGCTGTACGAGGGTGCTGTAGCCCACTACTCTCCTCTGCAGAAACCATGCCAAGCAAAGGCA,match,MSALKEEMKIXLTLVGVVNGHPFKIIGDGKGKPYEGSQELTLAVVEGGPLPFSYDILTTIVHYGNRAFVNYPKDIPDIFKQTCSGPGAGYSWQRTMSFEDGGVCTATSHIRVDGDTFNYDIHFMGADFPLNGPVMQKRTVKWEPSTEIMFQCDGLLRGDVAMSLLLKGGGHYRCDFKTIYKPKKNVKMPGYHFVDHCIEITSQQDDYNVVELYEGAVAHYSPLQKPCQAKA,True
42,amilCFP,Acropora millepora,,Q66PV5,AY646070,nature,,cyan,441,489,MSYSKQGIAQVMKTKYHMEGSVNGHEFTIEGVGTGNPYEGTQMSELVITKPAGKPLPFSFDILSTVFQYGNRCFTKYPEGMTDYFKQAFPDGMSFERSFLYEDGGVATASWNIRLERDCFIHKSIYHGVNFPADGPVMKKKTIGWDKAFEKMTVSKDVLRGDVTEFLMLEGGGYHSCQFHSTYKPEKPVTLPPNHVVEHHIVRTDLGQTAKGFTVKLEEHAAAHVNPLKVQ,10.1371/journal.pone.0002680,ATGTCTTATTCAAAGCAAGGCATCGCACAAGTAATGAAGACGAAATACCATATGGAAGGCAGTGTCAATGGCCATGAATTCACGATCGAAGGTGTAGGAACTGGAAACCCTTACGAAGGCACACAGATGTCCGAATTAGTGATCACCAAGCCTGCAGGAAAACCCCTTCCATTCTCCTTTGACATTCTGTCAACAGTCTTTCAGTATGGAAACAGGTGCTTCACAAAGTACCCTGAAGGAATGACTGACTATTTCAAGCAAGCATTCCCAGATGGAATGTCATTTGAAAGGTCATTTCTATATGAGGATGGAGGAGTTGCTACAGCCAGCTGGAACATTCGTCTTGAGAGAGATTGCTTCATCCACAAATCCATCTATCATGGCGTTAACTTTCCCGCTGATGGACCCGTAATGAAAAAGAAGACCATTGGCTGGGATAAAGCCTTCGAAAAAATGACTGTGTCCAAAGACGTTTTAAGAGGTGATGTGACTGAGTTTCTTATGCTCGAAGGAGGTGGTTACCACAGCTGCCAGTTTCACTCCACTTACAAACCAGAGAAGCCGGTTACACTGCCCCCGAATCATGTCGTGGAACATCACATTGTGAGGACTGACCTTGGCCAAACTGCAAAAGGCTTCACAGTCAAGCTGGAAGAACATGCTGCGGCTCATGTTAACCCTTTGAAGGTTCAA,match,MSYSKQGIAQVMKTKYHMEGSVNGHEFTIEGVGTGNPYEGTQMSELVITKPAGKPLPFSFDILSTVFQYGNRCFTKYPEGMTDYFKQAFPDGMSFERSFLYEDGGVATASWNIRLERDCFIHKSIYHGVNFPADGPVMKKKTIGWDKAFEKMTVSKDVLRGDVTEFLMLEGGGYHSCQFHSTYKPEKPVTLPPNHVVEHHIVRTDLGQTAKGFTVKLEEHAAAHVNPLKVQ,False
43,anobCFP1,Acropora nobilis,,Q66PV3,AY646072,nature,,cyan,462,490,MSYSKQGIAQVMKTKYHMEGSVNGHEFTIEGVGTGNPYEGTQMSELVITKPAGKPLPFSFDILSTVFQYGNRCFTKYPEGMTDYFKQAFPDGMSYERSFLYEDGGVATASWNIRLERDCFIHKSIYHGVNFPADGPVMKKKTIGWDKAFEKMTVSKDVLRGDVTEFLMLEGGGYHSCQFHSTYKPEKPAALPPNHVVEHHIVRTDLGQSAKGFTVKLEEHAAAHVNPLKVQ,10.1371/journal.pone.0002680,ATGTCTTATTCAAAGCAAGGCATCGCACAAGTAATGAAGACGAAATACCATATGGAAGGCAGTGTCAATGGCCATGAATTCACGATCGAAGGTGTAGGAACTGGAAACCCTTACGAAGGCACACAGATGTCCGAATTAGTGATCACCAAGCCTGCAGGAAAACCCCTTCCATTCTCCTTTGACATTCTGTCAACAGTCTTTCAATATGGAAACAGGTGCTTCACAAAGTACCCTGAAGGAATGACTGACTATTTCAAGCAAGCATTCCCAGATGGAATGTCATATGAAAGGTCATTTCTATATGAGGATGGAGGAGTTGCTACAGCCAGCTGGAACATTCGTCTTGAGAGAGATTGCTTCATCCACAAATCCATCTATCATGGCGTTAACTTTCCCGCTGATGGACCCGTAATGAAAAAGAAGACCATTGGCTGGGATAAAGCCTTCGAAAAAATGACTGTGTCCAAAGACGTGTTAAGAGGTGATGTGACTGAGTTTCTTATGCTCGAAGGAGGTGGTTACCACAGCTGCCAGTTTCACTCCACTTACAAACCAGAAAAGCCGGCTGCACTGCCCCCGAATCATGTCGTAGAACATCACATTGTGAGGACTGACCTTGGCCAAAGTGCAAAAGGCTTCACAGTCAAGCTGGAAGAACATGCTGCGGCTCATGTTAACCCTTTGAAGGTTCAA,match,MSYSKQGIAQVMKTKYHMEGSVNGHEFTIEGVGTGNPYEGTQMSELVITKPAGKPLPFSFDILSTVFQYGNRCFTKYPEGMTDYFKQAFPDGMSYERSFLYEDGGVATASWNIRLERDCFIHKSIYHGVNFPADGPVMKKKTIGWDKAFEKMTVSKDVLRGDVTEFLMLEGGGYHSCQFHSTYKPEKPAALPPNHVVEHHIVRTDLGQSAKGFTVKLEEHAAAHVNPLKVQ,False
44,anobCFP2,Acropora nobilis,,Q66PV4,AY646071,nature,,cyan,477,495,MSYSKQGIAQVMKTKYHMEGSVNGHEFTIEGVGTGNPYEGTQMSELVITKPAGKPLPFSFDILSTVFQYGNRCFTKYPEGMTDYFKQAFPDGMSYERSFLYEDGGVATAGWNIGLERDCFIHKSIYHGVNFPADGPVMKKKTIGWDKAFEKMTVSKDVLRGDVTGFLMLEGGGYHSCQFHSTYKPEKPAALPPNHVVEHHIVRTDLGQSAKGFTVKLEEHAAAHVNPLKVQ,10.1371/journal.pone.0002680,ATGTCTTATTCAAAGCAAGGCATCGCACAAGTAATGAAGACGAAATACCATATGGAAGGCAGTGTCAATGGCCATGAATTCACGATCGAAGGTGTAGGAACTGGAAACCCTTACGAAGGCACACAGATGTCCGAATTAGTGATCACCAAGCCTGCAGGAAAACCCCTTCCATTCTCCTTTGACATTCTGTCAACAGTCTTTCAATATGGAAACAGGTGCTTCACAAAGTACCCTGAAGGAATGACTGACTATTTCAAGCAAGCATTCCCAGATGGAATGTCATATGAAAGGTCATTTCTATATGAGGATGGAGGAGTTGCTACAGCCGGCTGGAACATTGGTCTTGAGAGAGATTGCTTCATCCACAAATCCATCTATCATGGCGTTAACTTTCCCGCTGATGGACCCGTAATGAAAAAGAAGACCATTGGCTGGGATAAAGCCTTCGAAAAAATGACTGTGTCCAAAGACGTGTTAAGAGGTGATGTGACTGGGTTTCTTATGCTCGAAGGAGGTGGTTACCACAGCTGCCAGTTTCACTCCACTTACAAACCAGAAAAGCCGGCTGCACTGCCCCCGAATCATGTCGTAGAACATCACATTGTGAGGACTGACCTTGGCCAAAGTGCAAAAGGCTTCACAGTCAAGCTGGAAGAACATGCTGCGGCTCATGTTAACCCTTTGAAGGTTCAA,match,MSYSKQGIAQVMKTKYHMEGSVNGHEFTIEGVGTGNPYEGTQMSELVITKPAGKPLPFSFDILSTVFQYGNRCFTKYPEGMTDYFKQAFPDGMSYERSFLYEDGGVATAGWNIGLERDCFIHKSIYHGVNFPADGPVMKKKTIGWDKAFEKMTVSKDVLRGDVTGFLMLEGGGYHSCQFHSTYKPEKPAALPPNHVVEHHIVRTDLGQSAKGFTVKLEEHAAAHVNPLKVQ,False
45,meffCFP,Montipora efflorescens,,A8CLP2,DQ206381,nature,,cyan,467,492,MALSKQSLPSDMKLIYHMDGNVNGHSFVIKGEGEGKPYEGTHTIKLQVVEGSPLPFSADILSTVFQYGNRCFTKYPPNIVDYFKNSCSGGGYKFGRSFLYEDGAVCTASGDITLSADKKSFEHKSKFLGVNFPADGPVMKKETTNWEPSCEKMTPNGMTLIGDVTGFLLKEDGKRYKCQFHTFHDAKDKSKKMPMPDFHFVQHKIERKDLPGSMQTWRLTEHAAACKTCFTE,10.1371/journal.pone.0002680,ATGGCTCTTTCAAAGCAAAGTCTACCCAGCGACATGAAACTGATATACCACATGGATGGGAATGTTAATGGGCATTCCTTTGTAATCAAGGGCGAAGGCGAGGGAAAGCCTTACGAAGGGACACATACTATTAAGCTGCAAGTGGTTGAAGGAAGTCCACTGCCATTCTCCGCTGACATATTGTCGACTGTGTTTCAATACGGAAACAGGTGCTTCACAAAATATCCCCCCAACATAGTTGACTATTTCAAGAACTCATGTTCTGGTGGCGGATATAAATTTGGAAGGTCTTTTCTCTATGAAGATGGAGCAGTTTGCACAGCCAGTGGAGATATAACATTGAGCGCTGATAAGAAAAGCTTTGAACACAAATCCAAGTTTCTTGGAGTCAACTTTCCTGCTGATGGACCTGTGATGAAAAAGGAGACGACTAATTGGGAGCCATCCTGCGAGAAAATGACACCTAATGGGATGACATTGATAGGGGATGTCACTGGGTTCCTTCTGAAGGAAGATGGTAAACGTTACAAGTGCCAGTTCCACACATTTCACGATGCAAAGGATAAGTCGAAAAAGATGCCAATGCCAGACTTCCACTTCGTGCAACATAAGATAGAAAGGAAAGACCTACCCGGTTCTATGCAGACATGGCGACTGACAGAACATGCTGCTGCATGTAAAACCTGTTTCACTGAG,match,MALSKQSLPSDMKLIYHMDGNVNGHSFVIKGEGEGKPYEGTHTIKLQVVEGSPLPFSADILSTVFQYGNRCFTKYPPNIVDYFKNSCSGGGYKFGRSFLYEDGAVCTASGDITLSADKKSFEHKSKFLGVNFPADGPVMKKETTNWEPSCEKMTPNGMTLIGDVTGFLLKEDGKRYKCQFHTFHDAKDKSKKMPMPDFHFVQHKIERKDLPGSMQTWRLTEHAAACKTCFTE,False
46,mmilCFP,Montipora millepora,,A8CLU7,DQ206392,nature,,cyan,404,492,MALPKQMKLTYHMEGTVNGHFFIIKGEGGGEPYEGTHTIKLQVVEGSPLPFSPDILSTVFQYGNRCFTKYPPNIVDYFKNSCSGGGYTFGRSFLYEDGAVCTASGDITLSSDKSSFEHKSKFLGVNFPADGPVMKKETTNWEPSCEKMTPNGMTLIGDVTEFLLKKDGKRYKCQFHTFHDAKEKSRNMPMPDFHFVQHEIERKDLPGPMQTWQLTEHAAACKNCFTE,10.1371/journal.pone.0002680,ATGGCTCTACCCAAGCAGATGAAACTGACATACCACATGGAGGGGACTGTTAATGGGCATTTCTTTATAATCAAGGGCGAAGGCGGTGGAGAGCCTTACGAAGGAACACATACTATTAAGCTGCAAGTGGTTGAAGGAAGTCCACTGCCATTCTCCCCTGACATATTGTCGACTGTGTTTCAATACGGAAACAGGTGCTTCACTAAATATCCCCCCAACATAGTTGACTATTTCAAGAACTCATGTTCTGGTGGCGGATATACATTTGGAAGGTCTTTTCTCTATGAAGATGGAGCAGTTTGCACAGCCAGTGGAGATATAACATTGAGCTCTGATAAGAGTAGCTTTGAACACAAATCCAAGTTTCTTGGAGTCAACTTTCCTGCTGATGGACCTGTGATGAAAAAGGAGACGACTAATTGGGAGCCATCCTGCGAGAAAATGACACCTAATGGGATGACATTGATAGGGGATGTCACTGAGTTCCTTCTGAAGAAAGATGGTAAACGTTACAAGTGCCAGTTCCACACATTTCACGATGCAAAGGAGAAGTCGAGAAACATGCCAATGCCAGACTTCCACTTCGTGCAACATGAGATAGAAAGGAAAGACCTACCCGGTCCTATGCAGACATGGCAACTGACAGAACATGCTGCTGCATGTAAAAACTGTTTCACTGAG,match,MALPKQMKLTYHMEGTVNGHFFIIKGEGGGEPYEGTHTIKLQVVEGSPLPFSPDILSTVFQYGNRCFTKYPPNIVDYFKNSCSGGGYTFGRSFLYEDGAVCTASGDITLSSDKSSFEHKSKFLGVNFPADGPVMKKETTNWEPSCEKMTPNGMTLIGDVTEFLLKKDGKRYKCQFHTFHDAKEKSRNMPMPDFHFVQHEIERKDLPGPMQTWQLTEHAAACKNCFTE,False
47,meleCFP,Mycedium elephantotus,,A8CLP7,DQ206382,nature,,cyan,454,485,MSVIKTDMKIRLQMQGAVNGHPFVITGEGEGKPYEGKHTINLTVQDGGPLPFAFDILTTAFQYGNRVFTKYPKDIPDYFKQSFPAGYSWERCMTFEDGGLCTVSSHIKIEGDYFTYDIRFHGVNFPAGGPVMQKKTLRWEPSTENMYVRDGVLVGEVERTLLLEGNKHHRCNFRTTYKAKKEVVLPEYHFVDHRIEILGHDKDYNNVVVYENAVARQQASTLPSKAK,10.1371/journal.pone.0002680,ATGAGCGTGATTAAAACAGACATGAAGATAAGGCTGCAAATGCAAGGCGCGGTAAACGGGCACCCGTTCGTGATTACAGGAGAAGGAGAGGGCAAGCCTTACGAAGGAAAACACACTATAAACCTTACAGTCCAAGACGGTGGACCTCTCCCTTTCGCTTTCGATATCTTAACGACAGCATTCCAGTACGGCAACAGGGTATTCACCAAATACCCAAAAGACATCCCAGACTATTTCAAGCAGTCGTTTCCCGCGGGGTATTCCTGGGAGCGATGCATGACGTTCGAAGACGGAGGCCTTTGCACCGTGTCGAGCCACATAAAAATTGAAGGTGACTATTTTACCTACGACATTCGATTTCATGGTGTGAACTTTCCAGCCGGTGGTCCAGTCATGCAGAAGAAGACGCTGAGATGGGAGCCATCCACTGAGAATATGTATGTGCGTGATGGAGTGCTGGTGGGGGAGGTAGAGAGGACTCTGTTGCTTGAAGGAAATAAGCATCACCGATGTAACTTCAGAACTACTTACAAAGCTAAGAAAGAAGTGGTGTTACCAGAATATCACTTTGTGGATCACCGAATAGAGATATTAGGCCATGACAAAGATTACAACAACGTGGTGGTGTATGAGAATGCGGTTGCCCGCCAGCAGGCTTCTACTCTGCCAAGCAAGGCCAAG,match,MSVIKTDMKIRLQMQGAVNGHPFVITGEGEGKPYEGKHTINLTVQDGGPLPFAFDILTTAFQYGNRVFTKYPKDIPDYFKQSFPAGYSWERCMTFEDGGLCTVSSHIKIEGDYFTYDIRFHGVNFPAGGPVMQKKTLRWEPSTENMYVRDGVLVGEVERTLLLEGNKHHRCNFRTTYKAKKEVVLPEYHFVDHRIEILGHDKDYNNVVVYENAVARQQASTLPSKAK,False
48,efasCFP,Eusmilia fastigiata,,A8CLW9,DQ206397,nature,,cyan,466,490,MSFSKQVLNDVTMTYFMEGSVNGHDFTIEGEGTGKPYEGHQRFNLRVTKGAPLPFAVDILSAAFAYGNRCFTKYPKEIPDFFKQSLPEDMSWERTMTFEDGGIVAISAHIRLIGNRFEHKSKFVGVNFPADGPVMQRKTLGWEPSSEKMTPRDGILKGYVPSFLVLQGGGNYRCDYDTSYRAMKPVEMPGGHFIQHRIVRRDIKKDSNGNTWQIQEDAFAHNSEVPDSA,10.1371/journal.pone.0002680,ATGTCTTTTTCAAAGCAGGTTTTAAACGACGTGACGATGACCTATTTTATGGAAGGCAGTGTCAACGGGCACGACTTTACTATTGAAGGCGAAGGCACTGGCAAACCATACGAAGGACATCAACGTTTTAATCTACGCGTCACCAAGGGCGCGCCTCTGCCTTTCGCAGTTGACATCCTGTCAGCAGCGTTTGCTTATGGCAACCGATGCTTTACTAAGTATCCTAAAGAGATACCAGACTTTTTCAAACAATCACTCCCCGAAGACATGTCATGGGAGAGGACGATGACGTTCGAAGATGGCGGTATTGTTGCTATCAGTGCGCACATACGCCTTATTGGAAACCGCTTCGAGCACAAATCCAAGTTTGTCGGCGTGAACTTCCCCGCCGACGGACCTGTGATGCAAAGGAAGACGCTAGGTTGGGAGCCTTCCAGCGAGAAAATGACTCCCCGCGACGGAATACTAAAGGGCTATGTTCCGAGTTTCCTCGTGCTGCAGGGAGGTGGCAATTACAGATGCGACTACGATACTAGCTACAGAGCCATGAAGCCTGTGGAGATGCCAGGGGGTCATTTCATCCAGCATCGCATTGTCAGGAGAGACATCAAGAAAGATTCCAATGGCAACACCTGGCAAATTCAAGAAGACGCGTTTGCTCATAACAGCGAGGTCCCTGATAGTGCA,match,MSFSKQVLNDVTMTYFMEGSVNGHDFTIEGEGTGKPYEGHQRFNLRVTKGAPLPFAVDILSAAFAYGNRCFTKYPKEIPDFFKQSLPEDMSWERTMTFEDGGIVAISAHIRLIGNRFEHKSKFVGVNFPADGPVMQRKTLGWEPSSEKMTPRDGILKGYVPSFLVLQGGGNYRCDYDTSYRAMKPVEMPGGHFIQHRIVRRDIKKDSNGNTWQIQEDAFAHNSEVPDSA,False
49,psamCFP,Psammocora sp.,,B6CTZ2,EU498721,nature,,cyan,404,492,MASTKNVLPNMMTLTYHMEGSVNGHNFEIIGEGTGNPKEGKHTITLQVVKGGPLPFSVDILSTVFQYGNRCFTKYPPNTVDYFKNSCPPGYTFERSFLYEDGAVCTASGDITLSDDKASFHHKSKFFGVNFPDDGPVMKKKTTDWEPSCEKMTPSGKTLKGDVIEFLLLEGGGRYKCQFHTVYRAKTEPKRMPEFHFVQHKLTRTDVSDPLKQQWQLTEDAAACESCFHK,10.1371/journal.pone.0002680,ATGGCTTCTACAAAGAACGTTCTACCCAACATGATGACCCTGACATACCACATGGAGGGGAGTGTTAATGGGCATAACTTTGAAATCATTGGCGAAGGCACTGGAAACCCTAAAGAAGGGAAACATACTATTACGCTGCAAGTGGTTAAAGGGGGCCCACTGCCATTCTCCGTTGACATATTGTCCACTGTGTTTCAATACGGAAACAGGTGCTTCACTAAATATCCCCCCAACACAGTTGACTATTTCAAGAACTCATGTCCTCCGGGATATACATTTGAAAGGTCTTTTCTCTATGAAGATGGAGCAGTTTGCACAGCCAGTGGAGATATAACATTGAGCGATGATAAGGCAAGCTTTCATCACAAATCCAAGTTTTTTGGAGTCAACTTTCCTGATGATGGACCTGTGATGAAAAAGAAGACAACCGATTGGGAGCCATCCTGCGAGAAAATGACACCTAGTGGGAAAACATTGAAAGGGGATGTCATTGAGTTCCTTCTTCTGGAAGGTGGTGGGCGTTACAAGTGCCAGTTCCACACAGTTTACCGAGCAAAGACTGAGCCGAAGAGGATGCCAGAGTTCCACTTCGTGCAACATAAGCTCACAAGGACCGACGTGAGCGATCCTTTGAAGCAGCAGTGGCAACTGACAGAAGATGCTGCTGCATGTGAAAGCTGTTTCCATAAG,match,MASTKNVLPNMMTLTYHMEGSVNGHNFEIIGEGTGNPKEGKHTITLQVVKGGPLPFSVDILSTVFQYGNRCFTKYPPNTVDYFKNSCPPGYTFERSFLYEDGAVCTASGDITLSDDKASFHHKSKFFGVNFPDDGPVMKKKTTDWEPSCEKMTPSGKTLKGDVIEFLLLEGGGRYKCQFHTVYRAKTEPKRMPEFHFVQHKLTRTDVSDPLKQQWQLTEDAAACESCFHK,False
50,amilRFP,Acropora millepora,,Q66PV2,AY646073,nature,,red,560,593,MALSKHGLTKDMTMKYHMEGSVDGHKFVITGHGNGNPFEGKQTMNLCVVEGGPLPFSEDILSAAFDYGNRVFTEYPQGMVDFFKNSCPAGYTWHRSLLFEDGAVCTTSADITVSVEENCFYHNSKFHGVNFPADGPVMKKMTTNWEPSCEKIIPVPRQGILKGDIAMYLLLKDGGRYRCQFDTIYKAKSDPKEMPEWHFIQHKLTREDRSDAKNQKWQLVEHAVASRSALPG,10.1371/journal.pone.0002680,ATGGCTCTGTCAAAGCACGGTTTAACAAAGGACATGACGATGAAATACCACATGGAAGGGTCTGTCGATGGGCATAAATTTGTGATCACGGGCCACGGCAATGGAAATCCTTTCGAAGGGAAACAGACTATGAATCTGTGTGTGGTTGAAGGGGGACCCCTGCCATTCTCCGAAGACATTTTGTCTGCTGCGTTTGACTACGGAAACAGGGTCTTCACTGAATATCCTCAAGGCATGGTTGACTTTTTCAAGAATTCATGTCCAGCTGGATACACATGGCACAGGTCTTTACTCTTTGAAGATGGAGCAGTTTGCACAACTAGTGCAGATATAACAGTGAGTGTTGAGGAGAACTGCTTTTATCACAATTCCAAGTTTCATGGAGTGAACTTTCCTGCTGATGGACCTGTGATGAAAAAGATGACAACTAATTGGGAGCCATCCTGCGAGAAAATCATACCAGTACCTAGACAGGGGATATTGAAAGGGGATATTGCCATGTACCTCCTTCTGAAGGATGGTGGGCGTTATCGGTGCCAGTTCGACACAATTTACAAAGCAAAGTCTGACCCGAAAGAGATGCCGGAGTGGCACTTCATCCAACATAAGCTCACCCGGGAAGACCGCAGCGATGCTAAGAACCAGAAATGGCAACTGGTAGAACATGCTGTTGCTTCCCGATCCGCATTGCCCGGA,match,MALSKHGLTKDMTMKYHMEGSVDGHKFVITGHGNGNPFEGKQTMNLCVVEGGPLPFSEDILSAAFDYGNRVFTEYPQGMVDFFKNSCPAGYTWHRSLLFEDGAVCTTSADITVSVEENCFYHNSKFHGVNFPADGPVMKKMTTNWEPSCEKIIPVPRQGILKGDIAMYLLLKDGGRYRCQFDTIYKAKSDPKEMPEWHFIQHKLTREDRSDAKNQKWQLVEHAVASRSALPG,False
51,meffRFP,Montipora efflorescens,,A8CLN4,DQ206379,nature,,red,560,576,MALSKNGLTKNMTTKYRMEGCVDGHKFVITGDGIGDPFEGKQTSIDLCVVEGGPLPFSEDILSAVFDYGNRVFTKYPQDLVDYFKNSCPAGYTWQRSFLFEDGAVCTASADITVSVEENCFYHESKFHGVNFPADGPVMKKMTTNWEPSCEKITPIPNEGILKGDVTMFLLLKDGGRYRCQFDTVYKAKSDPKTIMMPDWHFIQHKLNREDRSDAKHQKWRLVENAIAYRSTLS,10.1371/journal.pone.0002680,ATGGCTCTTTCAAAGAACGGTCTAACAAAGAACATGACGACGAAATACCGCATGGAAGGGTGTGTCGATGGGCATAAATTTGTAATCACGGGCGACGGCATTGGAGATCCTTTCGAGGGGAAACAGACTAGTATTGATCTGTGTGTGGTTGAAGGGGGACCACTGCCATTCTCCGAAGATATATTGTCTGCTGTGTTTGACTACGGAAACAGGGTCTTTACTAAATATCCTCAAGACCTTGTTGACTATTTCAAGAACTCGTGTCCTGCTGGATATACATGGCAAAGGTCTTTTCTCTTTGAAGATGGTGCAGTTTGCACAGCCAGTGCAGATATAACAGTGAGTGTTGAGGAGAACTGCTTTTATCACGAGTCCAAGTTTCATGGAGTGAACTTTCCTGCTGATGGACCTGTGATGAAAAAGATGACAACTAACTGGGAACCATCCTGCGAGAAAATCACACCAATACCTAATGAGGGGATATTGAAAGGAGATGTCACCATGTTCCTCCTTCTGAAGGATGGTGGGCGTTACCGGTGCCAGTTCGATACAGTTTACAAAGCAAAGTCTGACCCAAAAACGATCATGATGCCGGACTGGCACTTCATCCAACATAAGCTCAACCGCGAAGACCGCAGCGATGCTAAGCACCAGAAATGGCGACTGGTAGAAAATGCTATTGCATACCGATCCACATTATCC,match,MALSKNGLTKNMTTKYRMEGCVDGHKFVITGDGIGDPFEGKQTSIDLCVVEGGPLPFSEDILSAVFDYGNRVFTKYPQDLVDYFKNSCPAGYTWQRSFLFEDGAVCTASADITVSVEENCFYHESKFHGVNFPADGPVMKKMTTNWEPSCEKITPIPNEGILKGDVTMFLLLKDGGRYRCQFDTVYKAKSDPKTIMMPDWHFIQHKLNREDRSDAKHQKWRLVENAIAYRSTLS,False
52,pporRFP,Porites porites,,A8CLN8,DQ206380,nature,,red,578,595,MALSKQSGVKDVMNTELHMDGIVNGHPFEIKGKGKGNPYKGVQTMKLTVIKGAPLPFSIDILLPQHMYGSKPFIKYPESIPDYIKLSFPEGITWERSMTFEDGAVCTVSNDSRLDGDSFIYEVRFLGVNFPRDGPVMQKKTRGWDPSTERLYECGGWQRGDVHMALKLENGGHYTCDFKTTYKSKKGLKVPPYHFVDHKLDLLSHNTDGATFEEFEQREIAHAHLSNLPVA,10.1371/journal.pone.0002680,ATGGCTCTTTCAAAGCAAAGTGGGGTCAAAGATGTAATGAACACCGAGCTTCATATGGACGGGATCGTCAATGGACACCCCTTTGAGATAAAAGGAAAAGGAAAGGGAAACCCGTACAAGGGTGTGCAGACCATGAAGCTTACAGTCATTAAGGGTGCGCCTTTGCCATTTTCTATTGACATTTTGCTGCCTCAACACATGTATGGAAGCAAGCCATTTATTAAGTATCCTGAGAGTATCCCAGACTACATCAAGTTGTCATTTCCCGAGGGAATCACATGGGAAAGGTCCATGACCTTTGAAGATGGTGCAGTGTGCACTGTCTCTAACGACTCCAGGCTCGATGGCGACTCTTTCATCTACGAAGTCAGGTTTCTTGGCGTGAACTTTCCCCGAGATGGACCTGTTATGCAGAAGAAGACGCGAGGCTGGGACCCGTCCACAGAGAGACTGTATGAGTGTGGTGGGTGGCAGAGAGGAGACGTCCACATGGCCTTGAAGTTGGAGAACGGTGGCCATTATACGTGCGACTTCAAAACTACTTACAAATCAAAGAAGGGCTTGAAGGTGCCACCGTATCACTTCGTTGACCACAAACTAGATTTACTGAGCCACAACACCGATGGTGCTACCTTTGAAGAGTTTGAACAACGAGAAATTGCACATGCACATCTTTCTAACTTACCGGTAGCC,match,MALSKQSGVKDVMNTELHMDGIVNGHPFEIKGKGKGNPYKGVQTMKLTVIKGAPLPFSIDILLPQHMYGSKPFIKYPESIPDYIKLSFPEGITWERSMTFEDGAVCTVSNDSRLDGDSFIYEVRFLGVNFPRDGPVMQKKTRGWDPSTERLYECGGWQRGDVHMALKLENGGHYTCDFKTTYKSKKGLKVPPYHFVDHKLDLLSHNTDGATFEEFEQREIAHAHLSNLPVA,False
53,eechRFP,Echinoplyllia echinata,,A8CLS2,DQ206387,nature,,red,574,582,MSLINPEMKIKLLMEGNVNGHPFVIEGDGKGHPFEGKQSMDLVVKEGAPLPFAYDILTTAFHYGNRVFAKYPDHIPDYFKQSFPNGFSWERSLMFEDGGVCIATNDITLEGDTFFNKVRFYGVNFPPNGPVMQKKTLKWEASTEKMYLRDGVLTGDITMALLLKGDVHYRCDFRTTYKSRQEGVKLPGYHFVDHCISIVSHDKDYTKVKLYEHAVAHLGLPENVK,10.1371/journal.pone.0002680,ATGAGTCTGATTAACCCAGAAATGAAGATCAAGCTGCTTATGGAAGGCAATGTAAACGGGCACCCGTTTGTTATTGAGGGAGATGGAAAAGGCCATCCTTTTGAGGGAAAACAGAGTATGGACCTTGTAGTCAAAGAAGGCGCACCTCTCCCTTTTGCCTACGATATCTTGACAACAGCATTCCATTACGGCAACAGGGTTTTTGCTAAATACCCAGACCATATACCAGACTACTTCAAGCAGTCGTTTCCCAACGGGTTTTCTTGGGAGCGAAGCCTGATGTTCGAGGACGGGGGCGTTTGCATCGCTACAAATGACATAACACTGGAAGGAGACACTTTCTTTAACAAAGTTCGATTTTATGGTGTAAACTTTCCCCCAAATGGTCCTGTTATGCAGAAGAAGACGCTGAAATGGGAGGCATCCACTGAGAAAATGTATTTGCGTGATGGAGTGTTGACGGGCGATATTACCATGGCTCTGCTGCTTAAAGGAGATGTCCATTACCGATGTGACTTCAGAACTACTTACAAATCTAGGCAGGAGGGTGTCAAGTTGCCAGGCTATCACTTTGTCGATCACTGCATCAGCATTGTGAGCCATGACAAAGACTACACGAAGGTTAAGCTGTATGAGCATGCTGTTGCCCATTTGGGATTGCCGGAAAACGTCAAG,match,MSLINPEMKIKLLMEGNVNGHPFVIEGDGKGHPFEGKQSMDLVVKEGAPLPFAYDILTTAFHYGNRVFAKYPDHIPDYFKQSFPNGFSWERSLMFEDGGVCIATNDITLEGDTFFNKVRFYGVNFPPNGPVMQKKTLKWEASTEKMYLRDGVLTGDITMALLLKGDVHYRCDFRTTYKSRQEGVKLPGYHFVDHCISIVSHDKDYTKVKLYEHAVAHLGLPENVK,False
54,meleRFP,Mycedium elephantotus,,A8CLR7,DQ206386,nature,,red,573,579,MSVIKPDMKLKLRMEGTVNGHYFVIEGDGKGRPFEGKQSMDLDVKEGGPLPFAYDILTTAFHYGNRVFAEYPDHIPDYFKQSFPGGYSWERSLTFEDGGICIARNDIKMVGDTFYNTVRFDGVNFPPNGPVMQRRTQKWEPSTEKIYVRDGVLTGDITMALLLEGGVHYRCDFRTTYKAKEKGVQLPGYHFVDHCIEILSHDKDYNKVKLYEHAVAHSGLPDNKRQ,10.1371/journal.pone.0002680,ATGAGTGTGATTAAACCAGACATGAAGCTCAAGCTGCGCATGGAAGGCACGGTAAATGGGCACTACTTCGTGATTGAAGGAGATGGTAAAGGCAGGCCTTTTGAGGGAAAACAGAGTATGGACTTAGATGTAAAAGAGGGCGGACCACTGCCTTTCGCCTATGATATCTTAACAACAGCATTCCATTATGGCAACAGGGTTTTCGCAGAATACCCAGATCATATACCAGACTATTTCAAACAGTCATTTCCTGGAGGGTATTCCTGGGAACGAAGCCTCACGTTTGAAGACGGGGGCATTTGCATCGCCAGAAACGACATAAAAATGGTAGGCGACACTTTCTATAATACAGTTCGATTTGATGGTGTTAACTTTCCCCCCAATGGTCCAGTGATGCAAAGGAGGACCCAGAAATGGGAGCCATCCACCGAGAAAATATATGTGCGTGATGGAGTGTTGACGGGTGACATTACCATGGCTCTGTTGCTTGAAGGAGGTGTCCATTACCGATGTGACTTCAGAACTACTTACAAAGCTAAGGAGAAGGGCGTCCAGTTGCCAGGCTATCACTTTGTAGATCACTGTATAGAAATTTTAAGTCATGACAAAGATTATAACAAGGTTAAACTGTACGAGCATGCCGTAGCTCATTCTGGATTGCCGGACAACAAACGGCAA,match,MSVIKPDMKLKLRMEGTVNGHYFVIEGDGKGRPFEGKQSMDLDVKEGGPLPFAYDILTTAFHYGNRVFAEYPDHIPDYFKQSFPGGYSWERSLTFEDGGICIARNDIKMVGDTFYNTVRFDGVNFPPNGPVMQRRTQKWEPSTEKIYVRDGVLTGDITMALLLEGGVHYRCDFRTTYKAKEKGVQLPGYHFVDHCIEILSHDKDYNKVKLYEHAVAHSGLPDNKRQ,False
55,scubRFP,Scolymia cubensis,,Q66PW1,AY646064,nature,,red,570,578,MSAIKTVVKQFMKIKMSLEGTVNGHYFKIVGEGDGTPFEGKQTLHLKVKEGAPLPFAYDILTTALHYGNRVFVEYPENIPDYFKQSFPKGYSWERSLTFEDGGICIARSDIKMVGDTFHNEVQFYGVNFPANGPVMQRHTVKWEPSTEKIYVRDGVLTGDITMALLLKGGTHYRCDFRTTYKAKEKGPKFPGYHLVDHCIEITSHDKDYNVVELYEHAVAHSGLPDSANR,10.1371/journal.pone.0002680,ATGTCTGCCATCAAGACTGTGGTAAAGCAATTCATGAAGATCAAGATGTCTTTGGAAGGCACTGTAAACGGGCACTACTTCAAGATTGTAGGAGAGGGTGATGGCACTCCTTTTGAGGGAAAACAGACTTTACACCTCAAGGTCAAAGAGGGCGCACCTCTGCCTTTTGCCTACGATATCCTGACAACAGCTCTTCATTACGGAAACAGGGTATTCGTCGAATACCCAGAAAACATCCCAGACTATTTCAAGCAGTCGTTCCCTAAGGGATATTCATGGGAAAGAAGCCTAACTTTCGAAGACGGGGGAATTTGCATCGCCAGAAGCGACATCAAAATGGTTGGCGACACTTTCCATAACGAGGTTCAATTTTACGGGGTAAACTTTCCCGCCAATGGTCCTGTTATGCAGAGGCACACGGTGAAATGGGAGCCATCCACTGAGAAGATTTATGTGCGTGATGGAGTGTTGACGGGTGATATTACCATGGCTCTGTTGCTTAAAGGAGGTACCCATTACCGATGTGACTTCAGAACTACTTATAAAGCTAAGGAGAAGGGTCCCAAGTTCCCAGGCTATCACCTTGTCGATCATTGTATTGAGATTACAAGCCATGACAAAGATTACAACGTGGTTGAGCTGTATGAGCATGCCGTCGCTCATTCTGGATTGCCGGACAGTGCCAATCGA,match,MSAIKTVVKQFMKIKMSLEGTVNGHYFKIVGEGDGTPFEGKQTLHLKVKEGAPLPFAYDILTTALHYGNRVFVEYPENIPDYFKQSFPKGYSWERSLTFEDGGICIARSDIKMVGDTFHNEVQFYGVNFPANGPVMQRHTVKWEPSTEKIYVRDGVLTGDITMALLLKGGTHYRCDFRTTYKAKEKGPKFPGYHLVDHCIEITSHDKDYNVVELYEHAVAHSGLPDSANR,False
56,phiYFP,Phialidium sp.,4HE4,Q6RYS7,AY485333,nature,,yellow,525,537,MSSGALLFHGKIPYVVEMEGNVDGHTFSIRGKGYGDASVGKVDAQFICTTGDVPVPWSTLVTTLTYGAQCFAKYGPELKDFYKSCMPEGYVQERTITFEGDGVFKTRAEVTFENGSVYNRVKLNGQGFKKDGHVLGKNLEFNFTPHCLYIWGDQANHGLKSAFKIMHEITGSKEDFIVADHTQMNTPIGGGPVHVPEYHHITYHVTLSKDVTDHRDNMSLVETVRAVDCRKTYL,10.1093/molbev/msh079,ATGTCTAGTGGAGCACTGTTGTTCCACGGAAAGATCCCATATGTTGTTGAGATGGAGGGAAATGTTGATGGACACACATTCTCCATTAGAGGTAAAGGTTATGGAGATGCAAGTGTTGGTAAAGTTGATGCCCAATTCATCTGCACAACTGGAGATGTACCAGTTCCATGGTCAACTTTAGTAACAACACTTACTTATGGTGCACAATGCTTCGCCAAATATGGTCCAGAATTAAAGGATTTCTACAAGAGTTGCATGCCTGAAGGCTATGTGCAGGAGCGTACAATCACATTTGAAGGGGACGGAGTATTTAAAACTCGCGCTGAAGTTACATTTGAAAACGGATCTGTTTATAACCGAGTCAAACTTAATGGACAAGGATTTAAGAAAGACGGACATGTGCTTGGAAAGAATCTTGAATTCAATTTCACACCTCATTGTCTTTACATTTGGGGAGATCAGGCTAATCATGGTTTGAAGTCTGCTTTCAAAATTATGCATGAGATTACTGGATCAAAAGAAGACTTCATTGTTGCAGACCACACCCAAATGAACACACCCATTGGTGGTGGACCAGTCCATGTCCCTGAATACCATCATATAACATACCATGTCACTCTCAGCAAAGATGTTACTGATCACAGGGATAACATGAGCTTGGTTGAAACCGTACGGGCTGTGGATTGCAGAAAAACATATCTT,match,MSSGALLFHGKIPYVVEMEGNVDGHTFSIRGKGYGDASVGKVDAQFICTTGDVPVPWSTLVTTLTYGAQCFAKYGPELKDFYKSCMPEGYVQERTITFEGDGVFKTRAEVTFENGSVYNRVKLNGQGFKKDGHVLGKNLEFNFTPHCLYIWGDQANHGLKSAFKIMHEITGSKEDFIVADHTQMNTPIGGGPVHVPEYHHITYHVTLSKDVTDHRDNMSLVETVRAVDCRKTYL,False
57,anm1GFP1,Anthomedusae sp.,,Q6RYS6,AY485334,nature,,green,475,495,MNVMRYNRGFCRVLQNGVKNLRSRNCSTEEKPVILGAMTETFQKKLPYKLELDGDVDGQTFKVIGEGVGDATTGVIEGKYVCTEGEVPISWVSLITSLSYGAKCFVRYPNEINDFFKSTFPSGYHQERKITYENDGVLETAAKITMESGAIVNRINVKGTGFDKDGHVCQKNLESSPPSTTYVVPEGEGIRIIYRNIYPTKDGHYVVADTQQVNRPIRAQGTSAIPTYHHIKSKVDLSTDPEENKDHIIIKETNCAFDADFS,10.1093/molbev/msh079,ATGAATGTGATGCGTTACAACAGAGGATTCTGCAGAGTTTTGCAAAATGGTGTCAAAAATTTACGTTCTAGAAATTGCAGTACGGAAGAAAAACCCGTCATACTTGGTGCAATGACAGAAACATTTCAGAAAAAATTGCCATATAAGTTAGAATTGGATGGAGATGTTGATGGGCAAACATTTAAGGTTATTGGTGAGGGCGTTGGGGATGCAACCACTGGTGTAATTGAAGGAAAATATGTTTGTACAGAAGGAGAAGTTCCTATTTCATGGGTTTCGCTCATCACCTCATTAAGTTATGGTGCGAAATGTTTTGTTCGATATCCAAATGAAATAAATGATTTTTTCAAAAGTACTTTTCCTTCTGGATATCATCAAGAAAGAAAAATTACATATGAGAATGATGGTGTTTTAGAAACAGCAGCTAAAATTACTATGGAAAGTGGTGCAATAGTGAATAGAATAAATGTGAAAGGCACAGGCTTCGATAAAGATGGTCATGTATGCCAAAAAAATCTTGAATCCTCCCCTCCTTCGACAACATATGTTGTTCCCGAGGGAGAAGGTATTCGAATCATCTATAGAAACATCTATCCAACAAAAGATGGTCACTATGTTGTTGCCGACACACAGCAAGTAAATCGACCAATTAGAGCACAAGGAACATCAGCTATCCCAACATATCATCACATTAAATCGAAAGTTGATCTTTCAACAGATCCAGAAGAAAATAAAGATCATATTATCATCAAAGAAACCAACTGCGCATTTGACGCTGATTTTTCT,match,MNVMRYNRGFCRVLQNGVKNLRSRNCSTEEKPVILGAMTETFQKKLPYKLELDGDVDGQTFKVIGEGVGDATTGVIEGKYVCTEGEVPISWVSLITSLSYGAKCFVRYPNEINDFFKSTFPSGYHQERKITYENDGVLETAAKITMESGAIVNRINVKGTGFDKDGHVCQKNLESSPPSTTYVVPEGEGIRIIYRNIYPTKDGHYVVADTQQVNRPIRAQGTSAIPTYHHIKSKVDLSTDPEENKDHIIIKETNCAFDADFS,False
58,anm1GFP2,Anthomedusae sp.,,Q6RYS5,AY485335,nature,,green,490,504,MAEYFEKPLPYKVELEGDVDGQKFTVIGEGQGDASTGRVEGKYVCTKGEVPISWVSLITSLSYGGKCFVRYPNVIKDFFKSTFPTGYHQERKITYEDDGVLETAAKVTLESGAIYNRISVKGVGFKKDGNVCKKRLHSSPPQVSYVVPYGEGIRVLYSNIYPTKDGGYVVADTRQVNRPIKAEGKSAIPKYHYIKSKIDLSTDPNERKDHIIIKEVNVASGIDFS,10.1093/molbev/msh079,ATGGCAGAATATTTTGAAAAACCATTACCATATAAAGTTGAGCTGGAAGGCGATGTTGATGGACAAAAGTTCACCGTTATTGGTGAAGGCCAAGGAGATGCAAGTACGGGAAGAGTTGAAGGCAAATACGTTTGTACAAAAGGAGAAGTTCCTATTTCATGGGTTTCGCTAATCACTTCTTTAAGTTACGGTGGCAAATGTTTTGTTCGATACCCAAATGTAATAAAAGATTTTTTTAAAAGTACCTTTCCTACTGGATATCATCAAGAAAGAAAAATCACTTATGAGGACGATGGTGTTTTAGAAACAGCAGCTAAAGTTACCTTAGAGAGTGGTGCAATATATAATAGAATAAGTGTTAAAGGTGTAGGTTTCAAAAAAGATGGTAATGTTTGCAAAAAGCGTCTTCATTCATCACCACCTCAGGTATCTTATGTTGTTCCTTACGGAGAAGGCATTCGAGTCTTGTACAGCAATATCTACCCAACAAAAGATGGCGGCTATGTTGTTGCCGACACTCGACAAGTTAATCGACCAATCAAAGCAGAAGGAAAGTCAGCCATTCCAAAGTATCATTACATCAAGTCAAAAATAGACCTTTCTACTGACCCAAACGAAAGAAAAGATCACATTATCATCAAAGAAGTCAATGTTGCAAGTGGCATTGATTTTTCC,match,MAEYFEKPLPYKVELEGDVDGQKFTVIGEGQGDASTGRVEGKYVCTKGEVPISWVSLITSLSYGGKCFVRYPNVIKDFFKSTFPTGYHQERKITYEDDGVLETAAKVTLESGAIYNRISVKGVGFKKDGNVCKKRLHSSPPQVSYVVPYGEGIRVLYSNIYPTKDGGYVVADTRQVNRPIKAEGKSAIPKYHYIKSKIDLSTDPNERKDHIIIKEVNVASGIDFS,False
59,ppluGFP1,Pontellina plumata,,Q6WV13,AY268071,nature,,green,480,500,MPAMKIECRISGTLNGVVFELVGGGEGIPEQGRMTNKMKSTKGALTFSPYLLSHVMGYGFYHFGTYPSGYENPFLHAANNGGYTNTRIEKYEDGGVLHVSFSYRYEAGRVIGDFKVVGTGFPEDSVIFTDKIIRSNATVEHLHPMGDNVLVGSFARTFSLRDGGYYSFVVDSHMHFKSAIHPSILQNGGSMFAFRRVEELHSNTELGIVEYQHAFKTPTAFA,10.1093/molbev/msh079,ATGCCTGCCATGAAGATTGAGTGCCGCATCAGTGGAACCCTGAACGGAGTGGTGTTTGAGCTGGTCGGAGGTGGAGAAGGGATTCCTGAGCAGGGACGTATGACCAACAAGATGAAGTCTACCAAGGGCGCCTTGACCTTCTCCCCCTACCTTCTCTCTCATGTCATGGGATACGGGTTCTACCACTTTGGGACCTATCCCAGTGGGTATGAGAATCCCTTCCTGCATGCCGCCAACAACGGGGGGTACACCAACACCAGGATTGAGAAGTATGAGGATGGAGGAGTTCTTCATGTTAGCTTCAGCTACAGATATGAAGCAGGCAGGGTTATTGGGGATTTCAAGGTTGTCGGGACAGGATTCCCTGAGGACAGTGTGATCTTCACCGACAAGATCATCCGGTCCAATGCTACCGTGGAGCACTTGCACCCAATGGGAGACAACGTTCTTGTGGGCTCCTTCGCGAGAACCTTTTCCCTGAGGGATGGAGGCTACTACTCATTTGTGGTTGACAGCCACATGCACTTCAAGAGTGCCATCCACCCATCCATCCTCCAGAACGGGGGGTCCATGTTTGCCTTCAGGAGAGTTGAGGAACTTCACTCCAACACTGAACTTGGCATTGTAGAGTATCAACATGCCTTCAAGACTCCCACAGCATTTGCC,match,MPAMKIECRISGTLNGVVFELVGGGEGIPEQGRMTNKMKSTKGALTFSPYLLSHVMGYGFYHFGTYPSGYENPFLHAANNGGYTNTRIEKYEDGGVLHVSFSYRYEAGRVIGDFKVVGTGFPEDSVIFTDKIIRSNATVEHLHPMGDNVLVGSFARTFSLRDGGYYSFVVDSHMHFKSAIHPSILQNGGSMFAFRRVEELHSNTELGIVEYQHAFKTPTAFA,False
60,ppluGFP2,Pontellina plumata,2G3O,Q6WV12,AY268072,nature,,green,482,502,MPAMKIECRITGTLNGVEFELVGGGEGTPEQGRMTNKMKSTKGALTFSPYLLSHVMGYGFYHFGTYPSGYENPFLHAINNGGYTNTRIEKYEDGGVLHVSFSYRYEAGRVIGDFKVVGTGFPEDSVIFTDKIIRSNATVEHLHPMGDNVLVGSFARTFSLRDGGYYSFVVDSHMHFKSAIHPSILQNGGPMFAFRRVEELHSNTELGIVEYQHAFKTPIAFA,10.1093/molbev/msh079,ATGCCTGCCATGAAGATTGAGTGCCGCATCACGGGAACCCTGAACGGAGTGGAGTTTGAGCTGGTCGGAGGTGGAGAAGGGACTCCTGAGCAGGGACGTATGACCAACAAGATGAAGTCTACCAAGGGCGCCTTGACCTTCTCCCCCTACCTTCTCTCTCATGTCATGGGATACGGGTTCTACCACTTTGGTACCTATCCCAGTGGGTATGAGAATCCCTTCCTGCATGCCATCAACAACGGGGGGTACACCAACACCAGGATTGAGAAGTATGAGGATGGAGGAGTTCTTCATGTTAGCTTTAGCTACAGATATGAAGCAGGCAGGGTGATTGGGGATTTCAAGGTTGTCGGGACAGGATTCCCTGAGGACAGTGTGATCTTCACCGACAAGATCATCCGGTCCAATGCTACCGTGGAGCACTTGCACCCAATGGGAGACAACGTTCTTGTGGGCTCCTTCGCGAGAACCTTTTCCCTGAGGGATGGAGGCTACTACTCATTTGTGGTTGACAGCCACATGCACTTCAAGAGTGCCATCCACCCATCCATCCTCCAGAACGGGGGGCCCATGTTTGCCTTCAGGAGAGTTGAGGAACTTCACTCCAACACTGAACTTGGCATTGTAGAGTATCAACATGCCTTCAAGACTCCCATAGCATTTGCT,match,MPAMKIECRITGTLNGVEFELVGGGEGTPEQGRMTNKMKSTKGALTFSPYLLSHVMGYGFYHFGTYPSGYENPFLHAINNGGYTNTRIEKYEDGGVLHVSFSYRYEAGRVIGDFKVVGTGFPEDSVIFTDKIIRSNATVEHLHPMGDNVLVGSFARTFSLRDGGYYSFVVDSHMHFKSAIHPSILQNGGPMFAFRRVEELHSNTELGIVEYQHAFKTPIAFA,False
61,laesGFP,Labidocera aestiva,,Q6WV11,AY268073,nature,,green,491,506,MPVMKIECRISGTMNGEEFELVGAGDGNTDEGRMTNKMKSTKGPLSFSPYLLSHIMGYGFYHYATFPAGYENVYLHAAKNGGYTNTRTERYEDGGIISVNFTYRYEGNKVIGDFKVVGSGFPANSVIFTDKIIKSNPTCEHIYPKGDNILVNAYTRTWMLRDGGYYSAQVNNHLHFKTAMHPTMLQNGGSMFTYRKVEELHSQSDVGIVEYQHVFKTPTAFA,10.1093/molbev/msh079,ATGCCTGTCATGAAGATTGAGTGCCGTATCTCTGGAACCATGAACGGAGAGGAGTTTGAGCTTGTAGGAGCTGGCGATGGAAACACTGATGAAGGACGTATGACCAACAAGATGAAGTCCACCAAAGGACCTCTCTCCTTCTCTCCCTACCTACTCTCCCACATCATGGGCTACGGATTCTATCACTATGCTACCTTCCCTGCTGGATATGAGAATGTCTACCTCCATGCTGCTAAGAATGGAGGCTACACCAACACCAGGACTGAGAGGTACGAAGACGGAGGAATCATTTCGGTCAACTTCACCTACAGATATGAGGGAAACAAGGTTATCGGAGACTTCAAGGTTGTTGGATCAGGATTCCCAGCTAACAGTGTTATCTTCACTGACAAGATCATCAAGTCCAACCCAACCTGTGAGCACATCTACCCCAAGGGAGATAATATTCTTGTCAATGCCTACACTCGAACTTGGATGCTGAGAGATGGTGGATACTACTCTGCACAGGTCAACAATCATCTCCACTTCAAGACTGCCATGCATCCCACCATGCTCCAGAACGGAGGATCCATGTTTACCTACAGGAAGGTTGAGGAGCTCCACAGCCAGTCAGATGTTGGTATTGTAGAATACCAACATGTCTTCAAGACCCCAACTGCTTTTGCC,match,MPVMKIECRISGTMNGEEFELVGAGDGNTDEGRMTNKMKSTKGPLSFSPYLLSHIMGYGFYHYATFPAGYENVYLHAAKNGGYTNTRTERYEDGGIISVNFTYRYEGNKVIGDFKVVGSGFPANSVIFTDKIIKSNPTCEHIYPKGDNILVNAYTRTWMLRDGGYYSAQVNNHLHFKTAMHPTMLQNGGSMFTYRKVEELHSQSDVGIVEYQHVFKTPTAFA,False
62,pmeaGFP1,Pontella meadi,,Q6WV10,AY268074,nature,,green,489,504,MPDMKLECHISGTMNGEEFELIGAGDGNTDEGRMTNKMKSIKGPISFSPYLLSHILGYGYYHFATFPAGYENIYLHAMKNGGYSNVRTERYEDGGIISITFNYRYEGNKIIGDFKVVGTGFPTNSLIFTDKIIKSNPTCENMFPKADNTLVNAYTRTYLLKDGGYYSAQVNNHMHFKSAIHTTMLQNGGSMFTYRVVEETHTQNEVAIVEYQNVFKTPTAFA,10.1093/molbev/msh079,ATGCCTGACATGAAGCTTGAGTGCCACATCTCCGGAACCATGAATGGAGAGGAGTTTGAACTTATTGGTGCTGGAGATGGAAATACAGATGAGGGACGCATGACCAACAAAATGAAGTCCATCAAAGGACCTATCTCCTTCTCTCCCTACCTCCTCTCCCACATTCTTGGCTACGGATATTACCACTTTGCAACCTTCCCTGCTGGATATGAAAATATCTACCTTCATGCCATGAAGAATGGAGGTTACTCCAATGTCAGAACTGAGAGGTATGAGGATGGAGGCATCATTTCTATAACCTTCAACTACAGATATGAAGGGAACAAGATCATTGGAGACTTCAAGGTTGTTGGAACAGGATTCCCTACCAACAGTCTTATCTTCACTGACAAGATCATTAAATCCAACCCTACCTGTGAGAACATGTTCCCCAAGGCTGACAATACTCTTGTGAATGCCTACACCAGAACATATTTGCTTAAAGATGGTGGATACTACTCTGCCCAGGTTAACAACCATATGCACTTCAAGAGTGCCATCCATACCACCATGCTCCAGAATGGCGGATCCATGTTCACCTACAGAGTTGTAGAGGAGACACACACTCAGAACGAAGTTGCTATTGTAGAGTACCAAAATGTCTTCAAAACTCCAACTGCGTTTGCT,match,MPDMKLECHISGTMNGEEFELIGAGDGNTDEGRMTNKMKSIKGPISFSPYLLSHILGYGYYHFATFPAGYENIYLHAMKNGGYSNVRTERYEDGGIISITFNYRYEGNKIIGDFKVVGTGFPTNSLIFTDKIIKSNPTCENMFPKADNTLVNAYTRTYLLKDGGYYSAQVNNHMHFKSAIHTTMLQNGGSMFTYRVVEETHTQNEVAIVEYQNVFKTPTAFA,False
63,pmeaGFP2,Pontella meadi,,Q6WV09,AY268075,nature,,green,487,502,MPDMKLECHISGTMNGEEFELIGSGDGNTDQGRMTNNMKSIKGPLSFSPYLLSHILGYGYYHFATFPAGYENIYLHAMKNGGYSNVRTERYEDGGIISITFNYRYEGSKIIGDFKVIGTGFPTDSLIFTDKIIKSNPTCENMFPKADNILVNAYTRTYLLKDGGYYSAQVNNHMHFKSAIHPTMLQNGGSMFTHRVVEENHTKTNVAIVEYQNVFKTPTAFA,10.1093/molbev/msh079,ATGCCTGACATGAAGCTTGAGTGCCACATCTCCGGAACCATGAATGGAGAGGAGTTTGAACTTATTGGTTCTGGAGATGGAAATACTGATCAGGGACGCATGACAAACAATATGAAGTCCATCAAAGGACCTCTCTCCTTCTCTCCCTACCTACTCTCCCACATTCTTGGCTATGGATATTACCACTTTGCAACCTTCCCTGCTGGATATGAAAATATCTACCTTCATGCCATGAAGAATGGAGGTTACTCAAATGTCAGGACTGAGAGGTATGAGGATGGAGGCATCATTTCTATAACCTTCAACTACAGATATGAAGGCAGCAAGATCATTGGAGACTTCAAAGTTATTGGAACAGGATTCCCTACCGACAGTCTTATCTTCACTGACAAGATCATTAAATCCAACCCTACCTGCGAGAACATGTTCCCCAAGGCTGACAACATTCTTGTGAATGCCTACACCAGAACCTATTTGCTTAAAGATGGTGGATACTACTCTGCCCAGGTTAACAACCATATGCACTTCAAGAGTGCCATCCATCCTACAATGCTCCAGAATGGTGGATCCATGTTCACTCACAGAGTAGTAGAGGAGAACCACACTAAGACCAACGTTGCTATCGTAGAGTACCAAAATGTCTTCAAAACTCCTACTGCATTTGCT,match,MPDMKLECHISGTMNGEEFELIGSGDGNTDQGRMTNNMKSIKGPLSFSPYLLSHILGYGYYHFATFPAGYENIYLHAMKNGGYSNVRTERYEDGGIISITFNYRYEGSKIIGDFKVIGTGFPTDSLIFTDKIIKSNPTCENMFPKADNILVNAYTRTYLLKDGGYYSAQVNNHMHFKSAIHPTMLQNGGSMFTHRVVEENHTKTNVAIVEYQNVFKTPTAFA,False
64,pdae1GFP,Pontellidae sp.,,Q6WV08,AY268076,nature,,green,491,511,MAAMKIECRITGTMNGVEFELVGGGEGNTDQGRMTNKMKSTKGPLSFSPYLLSHVMGYGFYHFGTFPSGYENPYVHAMTNGGYTNTRIESYEDGGVLYLTFNYRLDGNKIIGDFKCVGTGFPEDSVIFTDKIIKSNPNCEHFYPMAENIMKNAYMRTLSLRDGGYYSGQVTSHIHFKNAIHPSILHNGGSMFTYRRVEELHTQTDLGIVEYQHVFKTPTAFA,10.1093/molbev/msh079,ATGGCAGCCATGAAGATTGAGTGCAGGATCACTGGAACCATGAACGGAGTGGAGTTTGAGCTGGTTGGAGGAGGAGAAGGAAATACTGATCAGGGACGTATGACCAACAAGATGAAATCTACCAAGGGTCCACTCTCCTTCTCTCCCTATCTTCTCTCTCATGTCATGGGATATGGATTCTATCATTTTGGAACATTTCCCAGTGGTTATGAGAATCCCTATGTCCACGCCATGACGAACGGTGGATATACCAACACCAGGATTGAAAGTTATGAAGATGGAGGTGTTCTTTACCTTACCTTCAACTACAGATTGGATGGAAACAAGATTATCGGGGACTTCAAGTGTGTCGGAACTGGATTCCCTGAGGACAGCGTTATCTTCACTGACAAGATCATCAAGTCCAACCCCAATTGTGAACATTTCTATCCAATGGCTGAAAACATCATGAAAAATGCCTACATGAGAACTCTCTCCCTCAGAGATGGTGGCTACTACTCTGGCCAGGTTACCAGCCACATCCACTTCAAGAATGCGATCCACCCATCCATCCTTCATAACGGCGGATCCATGTTCACCTACAGAAGAGTTGAGGAGCTCCACACTCAAACTGATCTTGGAATTGTTGAGTACCAGCATGTATTCAAGACTCCCACTGCTTTTGCT,match,MAAMKIECRITGTMNGVEFELVGGGEGNTDQGRMTNKMKSTKGPLSFSPYLLSHVMGYGFYHFGTFPSGYENPYVHAMTNGGYTNTRIESYEDGGVLYLTFNYRLDGNKIIGDFKCVGTGFPEDSVIFTDKIIKSNPNCEHFYPMAENIMKNAYMRTLSLRDGGYYSGQVTSHIHFKNAIHPSILHNGGSMFTYRRVEELHTQTDLGIVEYQHVFKTPTAFA,False
65,cgreGFP,Clytia gregaria,2HPW,D7PM05,GU721033,nature,,green,485,500,MTALTEGAKLFEKEIPYITELEGDVEGMKFIIKGEGTGDATTGTIKAKYICTTGDLPVPWATILSSLSYGVFCFAKYPRHIADFFKSTQPDGYSQDRIISFDNDGQYDVKAKVTYENGTLYNRVTVKGTGFKSNGNILGMRVLYHSPPHAVYILPDRKNGGMKIEYNKAFDVMGGGHQMARHAQFNKPLGAWEEDYPLYHHLTVWTSFGKDPDDDETDHLTIVEVIKAVDLETYR,10.1039/c0pp00023j,ATGACTGCACTTACCGAAGGAGCAAAACTGTTCGAGAAAGAAATTCCCTACATTACAGAGTTGGAAGGAGACGTTGAAGGAATGAAATTCATCATCAAAGGTGAAGGTACTGGCGACGCTACTACTGGCACCATCAAAGCGAAATATATTTGCACAACTGGTGACCTTCCTGTACCATGGGCTACCATCTTGAGTAGTTTGTCGTATGGTGTTTTCTGTTTCGCTAAGTATCCACGCCACATTGCCGACTTTTTCAAGAGCACACAACCAGATGGTTATTCACAAGACAGAATCATTAGTTTTGACAATGATGGACAATACGATGTCAAAGCCAAGGTTACTTATGAAAACGGAACACTTTATAATAGAGTCACAGTCAAAGGTACTGGCTTCAAATCAAACGGCAACATCCTTGGTATGAGAGTTCTCTACCATTCACCACCACACGCTGTCTACATCCTTCCTGACCGTAAAAATGGTGGCATGAAAATTGAATACAATAAGGCTTTCGACGTTATGGGCGGTGGTCACCAAATGGCGCGTCACGCCCAATTCAATAAACCACTAGGAGCCTGGGAAGAAGATTATCCGTTGTATCATCATCTTACCGTATGGACTTCTTTCGGAAAAGATCCGGATGATGATGAAACTGACCATTTGACCATCGTCGAAGTCATCAAAGCTGTTGATTTGGAAACATACCGT,match,MTALTEGAKLFEKEIPYITELEGDVEGMKFIIKGEGTGDATTGTIKAKYICTTGDLPVPWATILSSLSYGVFCFAKYPRHIADFFKSTQPDGYSQDRIISFDNDGQYDVKAKVTYENGTLYNRVTVKGTGFKSNGNILGMRVLYHSPPHAVYILPDRKNGGMKIEYNKAFDVMGGGHQMARHAQFNKPLGAWEEDYPLYHHLTVWTSFGKDPDDDETDHLTIVEVIKAVDLETYR,False
66,mNeonGreen,,5LTR,,,LanYFP,F15I:R25Q:A45D:Q56H:F67Y:K79V:S100V:F115A:I118K:V140R:T141S:M143K:L144T:D156K:T158S:S163N:Q168R:V171A:N174T:I185Y:F192Y,green,506,517,MVSKGEEDNMASLPATHELHIFGSINGVDFDMVGQGTGNPNDGYEELNLKSTKGDLQFSPWILVPHIGYGFHQYLPYPDGMSPFQAAMVDGSGYQVHRTMQFEDGASLTVNYRYTYEGSHIKGEAQVKGTGFPADGPVMTNSLTAADWCRSKKTYPNDKTIISTFKWSYTTGNGKRYRSTARTTYTFAKPMAANYLKNQPMYVFRKTELKHSKTELNFKEWQKAFTDVMGMDELYK,https://doi.org/10.1038/nmeth.2413,,,,
67,LanYFP,Branchiostoma lanceolatum,5LTQ,B1PNC0,EU482389,nature,,green,513,524,MSLPATHELHIFGSFNGVDFDMVGRGTGNPNDGYEELNLKSTKGALQFSPWILVPQIGYGFHQYLPFPDGMSPFQAAMKDGSGYQVHRTMQFEDGASLTSNYRYTYEGSHIKGEFQVIGTGFPADGPVMTNSLTAADWCVTKMLYPNDKTIISTFDWTYTTGSGKRYQSTVRTNYTFAKPMAANILKNQPMFVFRKTELKHSKTELNFKEWQKAFTDVM,https://doi.org/10.1038/nmeth.2413,ATGTCTCTCCCAGCGACACATGAGTTACACATCTTTGGCTCCTTCAACGGTGTGGACTTTGACATGGTGGGTCGTGGCACCGGCAATCCAAATGATGGTTATGAGGAGTTAAACCTGAAGTCCACCAAGGGTGCCCTCCAGTTCTCCCCCTGGATCCTGGTCCCTCAAATCGGGTATGGCTTCCATCAGTACCTGCCCTTCCCCGACGGGATGTCGCCTTTCCAGGCCGCCATGAAAGATGGCTCCGGATACCAAGTCCATCGCACAATGCAGTTTGAAGACGGTGCCTCCCTGACTTCCAACTACCGCTACACCTACGAGGGAAGCCACATCAAAGGAGAGTTTCAGGTGATCGGGACTGGTTTCCCTGCTGACGGTCCTGTGATGACCAACTCGCTGACCGCTGCGGACTGGTGCGTGACCAAGATGCTGTACCCCAACGACAAAACCATCATCAGCACCTTTGACTGGACTTACACCACTGGAAGTGGCAAGCGCTACCAGAGCACAGTGCGGACCAACTACACCTTTGCCAAGCCAATGGCGGCCAACATCCTGAAGAACCAGCCGATGTTCGTGTTCCGTAAGACGGAGCTCAAGCACTCCAAGACCGAGCTCAACTTCAAGGAGTGGCAAAAGGCCTTTACCGATGTGATG,match,MSLPATHELHIFGSFNGVDFDMVGRGTGNPNDGYEELNLKSTKGALQFSPWILVPQIGYGFHQYLPFPDGMSPFQAAMKDGSGYQVHRTMQFEDGASLTSNYRYTYEGSHIKGEFQVIGTGFPADGPVMTNSLTAADWCVTKMLYPNDKTIISTFDWTYTTGSGKRYQSTVRTNYTFAKPMAANILKNQPMFVFRKTELKHSKTELNFKEWQKAFTDVM,False
68,NvFP-7R,Nematostella vectensis,,,,nature,,red,578,613,MHRYPDNNYTQGAHQDTQSLSKDAMKLHFKMEGSVNGHCFEIQGVGEGKAFDGEHWSKLCVVKGKHLPFSFDILMPSMSYGTKQFAKYPAGMTDFFKAAVENGGLSWERTMTFEDGGYCTIVNTSELKDGSLHYHTNFHGINLKPDGPVMQKRTMGWLPSVETNIPRRDTLLGDINMLLKVNDGSFLRVQFETVYRFMKPVPAGFKMPPHHFMAYRLTRVDNDEHCDTVIQHEWSEAFSCFLPEKPTMQLPKLK ,https://doi.org/10.1371/journal.pone.0011807,failed,,,
69,LanFP1,Branchiostoma floridae,,,,nature,,green,500,510,MPLPATHDIHLHGSINGHEFDMVGGGKGDPNAGSLVTTAKSTKGALKFSPYLMIPHLGYGYYQYLPYPDGPSPFQASMLEGSGYAVYRVFDFEDGGKLTTEFKYSYEGSHIKADMKLMGSGFPDDGPVMTSQIVDQDGCVSKKTYLNNNTIVDSFDWSYNLQNGKRYRARVSSHYIFDKPFSADLMKKQPVFVYRKCHVKASKTEVTLDEREKAFYELAG,10.1186/1745-6150-3-28,failed,,,
70,LanFP2,Branchiostoma floridae,,,,nature,,green,500,516,MSLPTTHDLHIFGSVNGAEFDLVGGGKGNPNDGTLETSVKSTRGALPCSPLLIGPNLGYGFYQYLPFPGGASPFQTAITDGGYQVHRVFKFEDGGVLSCNFRYTYEGGKIKGEFQLIGSGFPAGGPVMSGGLTTLDRSVAKLQCSDDCTITGTNNWSFCTTDGKRHQADVQTNYTFAKPLPAGLKEKMPIFLGHQIEVKASKTEITLSEKVKAFIDTVGSGTG,10.1186/1745-6150-3-28,failed,,,
71,zGFP506:N66D,,2PXS:2PXW,,,zoanGFP (zFP506),N66D,green,,,,,,,,
72,avGFP:S65A,,,,,avGFP,S65A,green,471,504,MSKGEELFTGVVPILVELDGDVNGHKFSVSGEGEGDATYGKLTLKFICTTGKLPVPWPTLVTTFAYGVQCFSRYPDHMKQHDFFKSAMPEGYVQERTIFYKDDGNYKSRAEVKFEGDTLVNRIELKGIDFKEDGNILGHKMEYNYNSHNVYIMADKQKNGIKVNFKIRHNIEDGSVQLADHYQQNTPIGDGPVLLPDNHYLSTQSALSKDPNEKRDHMILLEFVTAAGITHGMDELYK,http://dx.doi.org/10.1016/S0968-0004(00)89099-4,,,,
73,avGFP:S65C,,,,,avGFP,S65C,green,479,507,MSKGEELFTGVVPILVELDGDVNGHKFSVSGEGEGDATYGKLTLKFICTTGKLPVPWPTLVTTFCYGVQCFSRYPDHMKQHDFFKSAMPEGYVQERTIFYKDDGNYKSRAEVKFEGDTLVNRIELKGIDFKEDGNILGHKMEYNYNSHNVYIMADKQKNGIKVNFKIRHNIEDGSVQLADHYQQNTPIGDGPVLLPDNHYLSTQSALSKDPNEKRDHMILLEFVTAAGITHGMDELYK,http://dx.doi.org/10.1016/S0968-0004(00)89099-4,,,,
74,avGFP:S65L,,,,,avGFP,S65L,green,484,510,MSKGEELFTGVVPILVELDGDVNGHKFSVSGEGEGDATYGKLTLKFICTTGKLPVPWPTLVTTFLYGVQCFSRYPDHMKQHDFFKSAMPEGYVQERTIFYKDDGNYKSRAEVKFEGDTLVNRIELKGIDFKEDGNILGHKMEYNYNSHNVYIMADKQKNGIKVNFKIRHNIEDGSVQLADHYQQNTPIGDGPVLLPDNHYLSTQSALSKDPNEKRDHMILLEFVTAAGITHGMDELYK,http://dx.doi.org/10.1016/S0968-0004(00)89099-4,,,,
75,avGFP:S65T,,,,,avGFP,S65T,green,488,511,MSKGEELFTGVVPILVELDGDVNGHKFSVSGEGEGDATYGKLTLKFICTTGKLPVPWPTLVTTFTYGVQCFSRYPDHMKQHDFFKSAMPEGYVQERTIFYKDDGNYKSRAEVKFEGDTLVNRIELKGIDFKEDGNILGHKMEYNYNSHNVYIMADKQKNGIKVNFKIRHNIEDGSVQLADHYQQNTPIGDGPVLLPDNHYLSTQSALSKDPNEKRDHMILLEFVTAAGITHGMDELYK,http://dx.doi.org/10.1016/S0968-0004(00)89099-4,,,,
76,avGFP:Y66F,,,,,avGFP,Y66F,green,360,442,MSKGEELFTGVVPILVELDGDVNGHKFSVSGEGEGDATYGKLTLKFICTTGKLPVPWPTLVTTFSFGVQCFSRYPDHMKQHDFFKSAMPEGYVQERTIFYKDDGNYKSRAEVKFEGDTLVNRIELKGIDFKEDGNILGHKMEYNYNSHNVYIMADKQKNGIKVNFKIRHNIEDGSVQLADHYQQNTPIGDGPVLLPDNHYLSTQSALSKDPNEKRDHMILLEFVTAAGITHGMDELYK,http://dx.doi.org/10.1016/S0968-0004(00)89099-4,,,,
77,avGFP:Y66H,,,,,avGFP,Y66H,green,382,448,MSKGEELFTGVVPILVELDGDVNGHKFSVSGEGEGDATYGKLTLKFICTTGKLPVPWPTLVTTFSHGVQCFSRYPDHMKQHDFFKSAMPEGYVQERTIFYKDDGNYKSRAEVKFEGDTLVNRIELKGIDFKEDGNILGHKMEYNYNSHNVYIMADKQKNGIKVNFKIRHNIEDGSVQLADHYQQNTPIGDGPVLLPDNHYLSTQSALSKDPNEKRDHMILLEFVTAAGITHGMDELYK,http://dx.doi.org/10.1016/S0968-0004(00)89099-4,,,,
78,avGFP:Y66W,,,,,avGFP,Y66W,green,436,485,,http://dx.doi.org/10.1016/S0968-0004(00)89099-4,,,,
79,YFP,,,,,avGFP,S65G:V68L:S72A:T203Y,yellow,514,528,,https://doi.org/10.1016/S0969-2126(98)00127-0,,,,
80,YFP:H148G,,,,,avGFP,S65G:V68L:S72A:H148G:T203Y,yellow,512,528,,https://doi.org/10.1016/S0969-2126(98)00127-0,,,,
81,D2Red:K83M,,2H8Q,,,DsRed,K83M,red,566,602,,10.1021/bi060773l,,,,
82,T1,,,,,DsRed,,red,555,584,GLLRGRHQGVHALQGAHGGLRERPRVRDRGRGRGPPLRGHPDRQAEGDQGRPPALRLGHPVPPVPVRLQGVREAPADIPDYKKLSFPEGFKWERVMNFEDGGVVTVTQDSSLQDGSFIYKVKFIGVNFPSDGPVMQKKTMGWEASTERLYPRDGVLKGEIHKALKLKDGGHYLVEFKSIYMAKKPVQLPGYYYVDSKLDITSHNEDYTIVEQYERAEGRHHLFL,10.1038/nbt1037,,,,
83,Dimer2,,,,,DsRed,,red,552,579,MVASSEDVIKEFMRFKVRMEGSVNGHEFEIEGEGEGRPYEGTQTAKLKVTKGGPLPFAWDILSPQFQYGSKAYVKHPADIPDYKKLSFPEGFKWERVMNFEDGGVVTVTQDSSLQDGTLIYKVKFRGTNFPPDGPVMQKKTMGWEASTERLYPRDGVLKGEIHQALKLKDGGHYLVEFKTIYMAKKPVQLPGYYYVDTKLDITSHNEDYTIVEQYERSEGRHHLFL,10.1038/nbt1037,,,,
84,mRFP1,,,,,DsRed,,red,584,607,MASSEDVIKEFMRFKVRMEGSVNGHEFEIEGEGEGRPYEGTQTAKLKVTKGGPLPFAWDILSPQFQYGSKAYVKHPADIPDYLKLSFPEGFKWERVMNFEDGGVVTVTQDSSLQDGEFIYKVKLRGTNFPSDGPVMQKKTMGWEASTERMYPEDGALKGEIKMRLKLKDGGHYDAEVKTTYMAKKPVQLPGAYKTDIKLDITSHNEDYTIVEQYERAEGRHSTGA,10.1038/nbt1037,,,,
85,mHoneydew,,,,AY678271,DsRed,,yellow,487:504,537:562,MASSEDVIKEFMRFKVRMEGSVNGHEFEIEGEGEGRPYEGTQTAKLKVTKGGPLPFAWDILSPQFMWGSKAYVKHPADIPDYLKLSFPEGFKWERVMNFEDGGVVTVTQDSSLQDGEFIYKVKLRGTNFPSDGPVMQKKTMGWAATTERMYPEDGALKGEIKMRLKLKDGGHYDAEVKTTYMAKKPVQLPGAYKIDGKLDITSHNEDYTIVEQYERAEGRHSTGA,10.1038/nbt1037,,,,
86,mBanana,,,,AY678267,DsRed,,,540,553,MVSKGEENNMAVIKEFMRFKVRMEGSVNGHEFEIEGEGEGRPYEGTQTAKLKVTKGGPLPFAWDILSPQFCYGSKAYVKHPTGIPDYFKLSFPEGFKWERVMNFEDGGVVTVAQDSSLQDGEFIYKVKLRGTNFPSDGPVMQKKTMGWEASSERMYPEDGALKGEIKMRLKLKDGGHYSAETKTTYKAKKPVQLPGAYIAGEKIDITSHNEDYTIVELYERAEGRHSTGGMDELYK,10.1038/nbt1037,,,,
87,mOrange,,2H5O,,AY678265,DsRed,,,548,562,MVSKGEENNMAIIKEFMRFKVRMEGSVNGHEFEIEGEGEGRPYEGFQTAKLKVTKGGPLPFAWDILSPQFTYGSKAYVKHPADIPDYFKLSFPEGFKWERVMNFEDGGVVTVTQDSSLQDGEFIYKVKLRGTNFPSDGPVMQKKTMGWEASSERMYPEDGALKGEIKMRLKLKDGGHYTSEVKTTYKAKKPVQLPGAYIVGIKLDITSHNEDYTIVEQYERAEGRHSTGGMDELYK,10.1038/nbt1037,,,,
88,dTomato,,,,AY678268,DsRed,,,554,581,MVSKGEEVIKEFMRFKVRMEGSMNGHEFEIEGEGEGRPYEGTQTAKLKVTKGGPLPFAWDILSPQFMYGSKAYVKHPADIPDYKKLSFPEGFKWERVMNFEDGGLVTVTQDSSLQDGTLIYKVKMRGTNFPPDGPVMQKKTMGWEASTERLYPRDGVLKGEIHQALKLKDGGHYLVEFKTIYMAKKPVQLPGYYYVDTKLDITSHNEDYTIVEQYERSEGRHHLFLYGMDELYK,10.1038/nbt1037,,,,
89,mTangerine,,,,AY678270,DsRed,,,568,585,MASSEDVIKEFMRFKVRMEGSVNGHEFEIEGEGEGRPYEGTQTAKLKVTKGGPLPFAWDILSPQFCYGSKAYVKHPADIPDYLKLSFPEGFKWERVMNFEDGGVVTVTQDSSLQDGEFIYKVKLRGTNFPSDGPVMQKKTMGWEASSERMYPEDGALKGEIKMRLKLKDGGHYDAEVKTTYMAKKPVQLPGAYKTDIKLDITSHNEDYTIVELYERAEGRHSTGA,10.1038/nbt1037,,,,
90,mStrawberry,,2H5P:2H5R,,AY678266,DsRed,,,574,596,MVSKGEENNMAIIKEFMRFKVRMEGSVNGHEFEIEGEGEGRPYEGTQTAKLKVTKGGPLPFAWDILTPNFTYGSKAYVKHPADIPDYLKLSFPEGFKWERVMNFEDGGVVTVTQDSSLQDGEFIYKVKLRGTNFPSDGPVMQKKTMGWEASSERMYPEDGALKGEIKMRLKLKDGGHYDAEVKTTYKAKKPVQLPGAYIVGIKLDITSHNEDYTIVELYERAEGRHSTGGMDELYK,10.1038/nbt1037,,,,
91,mCherry,,2H5Q,,AY678264,DsRed,,,587,610,MVSKGEEDNMAIIKEFMRFKVHMEGSVNGHEFEIEGEGEGRPYEGTQTAKLKVTKGGPLPFAWDILSPQFMYGSKAYVKHPADIPDYLKLSFPEGFKWERVMNFEDGGVVTVTQDSSLQDGEFIYKVKLRGTNFPSDGPVMQKKTMGWEASSERMYPEDGALKGEIKQRLKLKDGGHYDAEVKTTYKAKKPVQLPGAYNVNIKLDITSHNEDYTIVEQYERAEGRHSTGGMDELYK,10.1038/nbt1037,,,,
92,GFPxm19uv,,,Q8WTC6,AF435431,GFPxm,F64L,green,393:476,505,MSKGEELFTGIVPVLIELDGDVHGHKFSVRGEGEGDADYGKLEIKFICTTGKLPVPWPTLVTTLSYGIQCFARYPEHMKMNDFFKSAMPEGYIQERTIFFQDDGKYKTRGEVKFEGDTLVNRIELKGMDFKEDGNILGHKLEYNFNSHNVYIMPDKANNGLKVNFKIRHNIEGGGVQLADHYQTNVPLGDGPVLIPINHYLSTQTAISKDRNETRDHMVFLEFFSACGHTHGMDELYK,10.1007/s10126-006-6006-8,,,,
93,GFPxm191uv,,,Q8WTC7,AF435430,GFPxm,F64L:Q69L:T203C,green,498:394,510,MSKGEELFTGIVPVLIELDGDVHGHKFSVRGEGEGDADYGKLEIKFICTTGKLPVPWPTLVTTLSYGILCFARYPEHMKMNDFFKSAMPEGYIQERTIFFQDDGKYKTRGEVKFEGDTLVNRIELKGMDFKEDGNILGHKLEYNFNSHNVYIMPDKANNGLKVNFKIRHNIEGGGVQLADHYQTNVPLGDGPVLIPINHYLSCQTAISKDRNETRDHMVFLEFFSACGHTHGMDELYK,10.1007/s10126-006-6006-8,,,,
94,GFPxm181uv,,,,,GFPxm,F64L:S65A:T203H:F220L,green,398:500,514,,10.1007/s10126-006-6006-8,,,,
95,GFPxm,Aequorea macrodactyla,,Q8WP95,AY013824,nature,,green,476,496,MSKGEELFTGIVPVLIELDGDVHGHKFSVRGEGEGDADYGKLEIKFICTTGKLPVPWPTLVTTFSYGIQCFARYPEHMKMNDFFKSAMPEGYIQERTIFFQDDGKYKTRGEVKFEGDTLVNRIELKGMDFKEDGNILGHKLEYNFNSHNVYIMPDKANNGLKVNFKIRHNIEGGGVQLADHYQTNVPLGDGPVLIPINHYLSTQTAISKDRNETRDHMVFLEFFSACGHTHGMDELYK,10.1007/s10126-006-6006-8,ATGAGTAAAGGAGAAGAACTTTTCACTGGGATTGTCCCAGTTCTCATTGAGTTAGACGGTGATGTCCATGGACATAAATTCTCTGTCAGAGGAGAAGGGGAAGGCGATGCAGATTATGGAAAACTTGAAATCAAATTCATTTGCACTACTGGAAAGCTACCAGTTCCATGGCCAACACTTGTTACTACATTCTCTTATGGCATCCAATGTTTCGCAAGATACCCAGAACACATGAAAATGAATGACTTCTTCAAGAGTGCCATGCCTGAGGGTTACATTCAAGAAAGAACCATCTTTTTCCAAGATGATGGAAAATACAAGACACGTGGTGAAGTCAAGTTTGAAGGTGATACTCTTGTTAACAGAATTGAGCTCAAAGGTATGGACTTTAAAGAAGATGGCAATATCCTTGGACACAAGTTGGAGTACAATTTTAACTCACATAATGTATACATTATGCCGGACAAAGCCAATAATGGACTCAAAGTCAATTTCAAAATTAGACACAATATCGAAGGTGGTGGTGTCCAACTTGCTGATCATTACCAAACAAATGTTCCCCTTGGAGACGGTCCTGTCCTTATACCAATCAATCACTACCTATCCACGCAAACGGCCATTTCAAAAGATCGAAATGAGACGAGAGATCATATGGTGTTTCTGGAATTTTTCTCAGCTTGTGGACATACACATGGCATGGATGAACTATACAAA,match,MSKGEELFTGIVPVLIELDGDVHGHKFSVRGEGEGDADYGKLEIKFICTTGKLPVPWPTLVTTFSYGIQCFARYPEHMKMNDFFKSAMPEGYIQERTIFFQDDGKYKTRGEVKFEGDTLVNRIELKGMDFKEDGNILGHKLEYNFNSHNVYIMPDKANNGLKVNFKIRHNIEGGGVQLADHYQTNVPLGDGPVLIPINHYLSTQTAISKDRNETRDHMVFLEFFSACGHTHGMDELYK,False
96,GFPxm18,,,,AY013826,GFPxm,F64L:S65A,green,472,502,,10.1007/s10126-006-6006-8,,,,
97,GFPxm19,,,,AY013827,GFPxm,F64L:Q69L,green,475,502,,10.1007/s10126-006-6006-8,,,,
98,GFPxm16,,,,AY013825,GFPxm,F64L:S65G,green,485,506,,10.1007/s10126-006-6006-8,,,,
99,ShG24,,,Q8WTC4,AF435433,GFPxm,I11V:V14I:I16V:F64L:S65G:Q69L,green,486,506,MSKGEELFTGVVPILVELDGDVHGHKFSVRGEGEGDADYGKLEIKFICTTGKLPVPWPTLVTTLGYGILCFARYPEHMKMNDFFKSAMPEGYIQERTIFFQDDGKYKTRGEVKFEGDTLVNRIELKGMDFKEDGNILGHKLEYNFNSHNVYIMPDKANNGLKVNFKIRHNIEGGGVQLADHYQTNVPLGDGPVLIPINHYLSTQTAISKDRNETRDHMVFLEFFSACGHTHGMDELYK,10.1007/s10126-006-6006-8,,,,
100,GFPxm161,,,Q8WTD0,AF435427,GFPxm,F64L:S65G:T203L,green,500,510,MSKGEELFTGIVPVLIELDGDVHGHKFSVRGEGEGDADYGKLEIKFICTTGKLPVPWPTLVTTLGYGIQCFARYPEHMKMNDFFKSAMPEGYIQERTIFFQDDGKYKTRGEVKFEGDTLVNRIELKGMDFKEDGNILGHKLEYNFNSHNVYIMPDKANNGLKVNFKIRHNIEGGGVQLADHYQTNVPLGDGPVLIPINHYLSLQTAISKDRNETRDHMVFLEFFSACGHTHGMDELYK,10.1007/s10126-006-6006-8,,,,
101,GFPxm18uv,,,,,GFPxm,F64L:S65A:T203H,green,400,513,,10.1007/s10126-006-6006-8,,,,
102,GFPxm162,,,Q8WTC9,AF435428,GFPxm,F64L:S65G:T203F,yellow,514,525,MSKGEELFTGIVPVLIELDGDVHGHKFSVRGEGEGDADYGKLEIKFICTTGKLPVPWPTLVTTLGYGIQCFARYPEHMKMNDFFKSAMPEGYIQERTIFFQDDGKYKTRGEVKFEGDTLVNRIELKGMDFKEDGNILGHKLEYNFNSHNVYIMPDKANNGLKVNFKIRHNIEGGGVQLADHYQTNVPLGDGPVLIPINHYLSFQTAISKDRNETRDHMVFLEFFSACGHTHGMDELYK,10.1007/s10126-006-6006-8,,,,
103,GFPxm163,,,Q8WTC8,AF435429,GFPxm,F64L:S65G:T203Y,yellow,512,523,MSKGEELFTGIVPVLIELDGDVHGHKFSVRGEGEGDADYGKLEIKFICTTGKLPVPWPTLVTTLGYGIQCFARYPEHMKMNDFFKSAMPEGYIQERTIFFQDDGKYKTRGEVKFEGDTLVNRIELKGMDFKEDGNILGHKLEYNFNSHNVYIMPDKANNGLKVNFKIRHNIEGGGVQLADHYQTNVPLGDGPVLIPINHYLSYQTAISKDRNETRDHMVFLEFFSACGHTHGMDELYK,10.1007/s10126-006-6006-8,,,,
104,OFPxm,,,Q8WTC5,AF435432,GFPxm,I11V:V14I:I16V:F64L:S65G:Q69L:T203Y,orange,509,523,MSKGEELFTGVVPILVELDGDVHGHKFSVRGEGEGDADYGKLEIKFICTTGKLPVPWPTLVTTLGYGILCFARYPEHMKMNDFFKSAMPEGYIQERTIFFQDDGKYKTRGEVKFEGDTLVNRIELKGMDFKEDGNILGHKLEYNFNSHNVYIMPDKANNGLKVNFKIRHNIEGGGVQLADHYQTNVPLGDGPVLIPINHYLSYQTAISKDRNETRDHMVFLEFFSACGHTHGMDELYK,10.1007/s10126-006-6006-8,,,,
